Date,Govt,Corp,Equity,Govt,Corp,Equity,
30-Nov-17,100,407.75,5155.44,1,1,1,43069
01-Dec-17,100.27,409.22,5145.21,1.0027,1.00360515,0.998015688,44767
04-Dec-17,100.23,409.55,5139.91,1.0023,1.00441447,0.996987648,
05-Dec-17,100.3,410.1,5120.92,1.003,1.005763335,0.99330416,
06-Dec-17,100.42,410.62,5120.46,1.0042,1.007038627,0.993214934,
07-Dec-17,100.29,409.76,5136.37,1.0029,1.004929491,0.996300995,
08-Dec-17,100.26,409.76,5165.19,1.0026,1.004929491,1.001891206,
11-Dec-17,100.2,409.55,5181.75,1.002,1.00441447,1.005103347,
12-Dec-17,100.17,409.65,5189.96,1.0017,1.004659718,1.00669584,
13-Dec-17,100.43,410.82,5187.68,1.0043,1.007529123,1.006253588,
14-Dec-17,100.44,411.25,5167.45,1.0044,1.008583691,1.002329578,
15-Dec-17,100.45,411.66,5214.1,1.0045,1.009589209,1.011378272,
18-Dec-17,100.29,410.77,5242.28,1.0029,1.007406499,1.016844343,
19-Dec-17,100,409.51,5225.43,1,1.00431637,1.013575951,
20-Dec-17,99.78,408.17,5221.79,0.9978,1.001030043,1.012869901,
21-Dec-17,99.86,408.71,5232.16,0.9986,1.002354384,1.014881368,
22-Dec-17,99.87,408.88,5229.79,0.9987,1.002771306,1.014421659,
26-Dec-17,99.94,409.41,5224.51,0.9994,1.004071122,1.013397499,
27-Dec-17,100.23,411.26,5229.01,1.0023,1.008608216,1.014270363,
28-Dec-17,100.18,411,5239.59,1.0018,1.00797057,1.016322564,
29-Dec-17,100.27,411.57,5212.76,1.0027,1.009368486,1.011118353,
02-Jan-18,100.03,409.94,5256.28,1.0003,1.005370938,1.019559921,
03-Jan-18,100.1,410.38,5289.92,1.001,1.006450031,1.026085067,
04-Jan-18,100.05,410.17,5312.33,1.0005,1.005935009,1.030431932,
05-Jan-18,99.97,410.01,5349.69,0.9997,1.005542612,1.037678646,
08-Jan-18,99.96,410.22,5358.68,0.9996,1.006057633,1.039422435,
09-Jan-18,99.67,408.78,5367.26,0.9967,1.002526058,1.041086697,
10-Jan-18,99.67,409.04,5361.33,0.9967,1.003163703,1.039936455,
11-Jan-18,99.73,409.62,5399.46,0.9973,1.004586143,1.047332526,
12-Jan-18,99.71,409.67,5435.92,0.9971,1.004708768,1.054404668,
16-Jan-18,99.78,410.37,5416.86,0.9978,1.006425506,1.050707602,
17-Jan-18,99.68,409.5,5467.85,0.9968,1.004291845,1.060598125,
18-Jan-18,99.48,408.22,5459.5,0.9948,1.001152667,1.058978477,
19-Jan-18,99.33,407.49,5483.57,0.9933,0.999362354,1.063647332,
22-Jan-18,99.34,407.22,5527.89,0.9934,0.998700184,1.072244076,
23-Jan-18,99.5,408.01,5540.13,0.995,1.000637646,1.074618267,
24-Jan-18,99.37,407.68,5537.03,0.9937,0.999828326,1.074016961,
25-Jan-18,99.53,408.94,5540.38,0.9953,1.002918455,1.07466676,
26-Jan-18,99.34,408.37,5606.08,0.9934,1.00152054,1.08741058,
29-Jan-18,99.23,407.84,5568.67,0.9923,1.000220723,1.080154167,
30-Jan-18,99.1,407,5508.36,0.991,0.998160638,1.068455845,
31-Jan-18,99.14,407.62,5511.21,0.9914,0.999681177,1.069008659,
01-Feb-18,98.82,405.94,5508.7,0.9882,0.995561006,1.068521794,
02-Feb-18,98.65,405.02,5392.21,0.9865,0.993304721,1.045926245,
05-Feb-18,99.09,406.93,5171.26,0.9909,0.997988964,1.003068603,
06-Feb-18,98.83,404.8,5262.02,0.9883,0.992765175,1.020673308,
07-Feb-18,98.61,403.71,5235.84,0.9861,0.990091968,1.015595177,
08-Feb-18,98.67,403.91,5040.06,0.9867,0.990582465,0.977619757,
09-Feb-18,98.58,401.91,5116.99,0.9858,0.985677498,0.992541859,
12-Feb-18,98.6,402.08,5188.37,0.986,0.986094421,1.006387428,
13-Feb-18,98.69,401.84,5202.22,0.9869,0.985505825,1.00907391,
14-Feb-18,98.32,400.32,5273.43,0.9832,0.98177805,1.022886504,
15-Feb-18,98.36,400.81,5338.35,0.9836,0.982979767,1.035479028,
16-Feb-18,98.49,401.54,5340.82,0.9849,0.98477008,1.035958134,
20-Feb-18,98.41,401.34,5309.99,0.9841,0.984279583,1.029978043,
21-Feb-18,98.16,399.72,5280.91,0.9816,0.98030656,1.024337399,
22-Feb-18,98.27,400.29,5286.5,0.9827,0.981704476,1.02542169,
23-Feb-18,98.48,401.15,5371.56,0.9848,0.983813611,1.041920767,
26-Feb-18,98.53,401.47,5435.38,0.9853,0.984598406,1.054299924,
27-Feb-18,98.4,400.96,5367.09,0.984,0.983347639,1.041053722,
28-Feb-18,98.54,401.25,5308.09,0.9854,0.98405886,1.0296095,
01-Mar-18,98.8,401.8,5238.18,0.988,0.985407725,1.016049067,
02-Mar-18,98.56,400.41,5265.24,0.9856,0.981998774,1.021297891,
05-Mar-18,98.52,399.99,5323.36,0.9852,0.980968731,1.03257142,
06-Mar-18,98.52,400.32,5337.69,0.9852,0.98177805,1.035351008,
07-Mar-18,98.51,400.22,5335.47,0.9851,0.981532802,1.034920395,
08-Mar-18,98.63,400.54,5360.73,0.9863,0.982317597,1.039820074,
09-Mar-18,98.49,399.87,5454.03,0.9849,0.980674433,1.057917462,
12-Mar-18,98.64,400.22,5447.1,0.9864,0.981532802,1.056573251,
13-Mar-18,98.76,400.51,5412.75,0.9876,0.982244022,1.049910386,
14-Mar-18,98.91,400.99,5383.27,0.9891,0.983421214,1.044192154,
15-Mar-18,98.89,400.89,5379.39,0.9889,0.983175966,1.043439551,
16-Mar-18,98.78,400.54,5388.74,0.9878,0.982317597,1.045253169,
19-Mar-18,98.74,400.14,5312.23,0.9874,0.981336603,1.030412535,
20-Mar-18,98.6,399.54,5320.2,0.986,0.979865113,1.031958475,
21-Mar-18,98.67,399.41,5310.96,0.9867,0.979546291,1.030166193,
22-Mar-18,98.92,399.68,5177.52,0.9892,0.980208461,1.004282855,
23-Mar-18,98.96,399.78,5069.03,0.9896,0.980453709,0.983239064,
26-Mar-18,98.83,399.28,5206.69,0.9883,0.979227468,1.009940956,
27-Mar-18,99.14,400.96,5116.75,0.9914,0.983347639,0.992495306,
28-Mar-18,99.15,401.02,5102.69,0.9915,0.983494788,0.98976809,
29-Mar-18,99.29,402.06,5173.19,0.9929,0.986045371,1.003442965,
02-Apr-18,99.36,402.66,5057.69,0.9936,0.987516861,0.981039446,
03-Apr-18,99.14,401.46,5121.7,0.9914,0.984573881,0.993455457,
04-Apr-18,99.1,401.04,5181.31,0.991,0.983543838,1.005018,
05-Apr-18,98.93,400.82,5217.62,0.9893,0.983004292,1.012061046,
06-Apr-18,99.23,402.37,5103.35,0.9923,0.986805641,0.98989611,
09-Apr-18,99.25,402.94,5121.9,0.9925,0.988203556,0.993494251,
10-Apr-18,99.16,402.7,5207.73,0.9916,0.98761496,1.010142684,
11-Apr-18,99.23,403.01,5179.19,0.9923,0.98837523,1.004606784,
12-Apr-18,99,402.25,5222.55,0.99,0.986511343,1.013017318,
13-Apr-18,99.04,402.39,5207.57,0.9904,0.98685469,1.010111649,
16-Apr-18,99.02,402.38,5249.94,0.9902,0.986830166,1.018330152,
17-Apr-18,99.07,402.73,5305.9,0.9907,0.987688535,1.029184706,
18-Apr-18,98.83,401.21,5310.32,0.9883,0.98396076,1.030042053,
19-Apr-18,98.67,400.13,5280.57,0.9867,0.981312078,1.024271449,
20-Apr-18,98.47,398.81,5235.75,0.9847,0.978074801,1.01557772,
23-Apr-18,98.44,398.61,5236.04,0.9844,0.977584304,1.015633971,
24-Apr-18,98.37,397.93,5166.1,0.9837,0.975916616,1.002067719,
25-Apr-18,98.25,396.77,5175.59,0.9825,0.973071735,1.003908493,
26-Apr-18,98.41,397.49,5229.61,0.9841,0.974837523,1.014386745,
27-Apr-18,98.54,398.25,5235.73,0.9854,0.97670141,1.01557384,
30-Apr-18,98.61,398.46,5193.04,0.9861,0.977216432,1.007293267,
01-May-18,98.5,397.72,5206.31,0.985,0.975401594,1.009867247,
02-May-18,98.52,397.27,5168.79,0.9852,0.974297977,1.002589498,
03-May-18,98.64,397.63,5157.7,0.9864,0.975180871,1.000438372,
04-May-18,98.66,397.78,5224.71,0.9866,0.975548743,1.013436293,
07-May-18,98.65,397.58,5242.87,0.9865,0.975058246,1.016958785,
08-May-18,98.58,397.3,5241.53,0.9858,0.974371551,1.016698866,
09-May-18,98.44,396.64,5292.9,0.9844,0.972752912,1.026663098,
10-May-18,98.58,397.71,5343.7,0.9858,0.975377069,1.036516767,
11-May-18,98.6,398.34,5354.69,0.986,0.976922134,1.038648496,
14-May-18,98.5,398.12,5359.66,0.985,0.976382587,1.039612526,
15-May-18,98.2,396.62,5323.23,0.982,0.972703863,1.032546204,
16-May-18,98.09,395.45,5346.33,0.9809,0.969834457,1.037026907,
17-May-18,98.03,395.11,5343.29,0.9803,0.969000613,1.036437239,
18-May-18,98.27,396.07,5329.66,0.9827,0.971354997,1.03379343,
21-May-18,98.29,396.4,5369.19,0.9829,0.972164316,1.041461059,
22-May-18,98.27,396.29,5352.45,0.9827,0.971894543,1.038214003,
23-May-18,98.52,397.36,5369.99,0.9852,0.9745187,1.041616235,
24-May-18,98.7,398.15,5359.32,0.987,0.976456162,1.039546576,
25-May-18,98.92,399.32,5347.31,0.9892,0.979325567,1.037216998,
29-May-18,99.64,402.16,5285.7,0.9964,0.986290619,1.025266515,
30-May-18,99.36,400.75,5353.76,0.9936,0.982832618,1.038468104,
31-May-18,99.31,400.29,5318.1,0.9931,0.981704476,1.031551138,
01-Jun-18,99.1,399.64,5376.29,0.991,0.980110362,1.042838245,
04-Jun-18,98.89,398.61,5400.5,0.9889,0.977584304,1.047534255,
05-Jun-18,99.03,399.09,5404.62,0.9903,0.978761496,1.048333411,
06-Jun-18,98.79,397.88,5451.09,0.9879,0.975793991,1.057347191,
07-Jun-18,99.05,399.14,5448.18,0.9905,0.97888412,1.056782738,
08-Jun-18,98.97,398.48,5465.42,0.9897,0.977265481,1.060126779,
11-Jun-18,98.91,398.47,5471.29,0.9891,0.977240956,1.061265382,
12-Jun-18,98.89,398.42,5481.07,0.9889,0.977118332,1.063162407,
13-Jun-18,98.82,398.1,5459.21,0.9882,0.976333538,1.058922226,
14-Jun-18,99,399.07,5474.37,0.99,0.978712446,1.061862809,
15-Jun-18,99.04,398.99,5469.37,0.9904,0.978516248,1.06089296,
18-Jun-18,99.07,398.88,5457.83,0.9907,0.978246475,1.058654547,
19-Jun-18,99.23,399.08,5436.13,0.9923,0.978736971,1.054445401,
20-Jun-18,99.02,397.83,5445.43,0.9902,0.975671367,1.056249321,
21-Jun-18,99.18,397.79,5411.4,0.9918,0.975573268,1.049648527,
22-Jun-18,99.19,397.72,5421.63,0.9919,0.975401594,1.051632838,
25-Jun-18,99.28,397.79,5347.23,0.9928,0.975573268,1.03720148,
26-Jun-18,99.32,397.98,5359.01,0.9932,0.97603924,1.039486445,
27-Jun-18,99.57,399.11,5312.89,0.9957,0.978810546,1.030540555,
28-Jun-18,99.53,398.91,5346.44,0.9953,0.978320049,1.037048244,
29-Jun-18,99.47,398.74,5350.83,0.9947,0.977903127,1.037899772,
02-Jul-18,99.42,398.65,5367.49,0.9942,0.977682403,1.04113131,
03-Jul-18,99.59,399.62,5340.93,0.9959,0.980061312,1.03597947,
05-Jul-18,99.59,400.09,5388.28,0.9959,0.981213979,1.045163943,
06-Jul-18,99.68,400.55,5434.36,0.9968,0.982342121,1.054102075,
09-Jul-18,99.53,400.63,5483.89,0.9953,0.98253832,1.063709402,
10-Jul-18,99.5,400.83,5503.05,0.995,0.983028817,1.067425865,
11-Jul-18,99.61,401.41,5464.01,0.9961,0.984451257,1.059853281,
12-Jul-18,99.58,401.59,5512.36,0.9958,0.984892704,1.069231724,
13-Jul-18,99.69,402.27,5518.33,0.9969,0.986560392,1.070389724,
16-Jul-18,99.59,401.98,5512.92,0.9959,0.985849172,1.069340347,
17-Jul-18,99.53,401.7,5534.91,0.9953,0.985162477,1.073605745,
18-Jul-18,99.46,401.25,5546.86,0.9946,0.98405886,1.075923684,
19-Jul-18,99.64,402.12,5525.51,0.9964,0.98619252,1.071782428,
20-Jul-18,99.41,401.16,5520.5,0.9941,0.983838136,1.070810639,
23-Jul-18,99.11,399.98,5530.66,0.9911,0.980944206,1.072781373,
24-Jul-18,99.17,400.66,5557.37,0.9917,0.982611895,1.077962308,
25-Jul-18,99.11,400.49,5607.99,0.9911,0.982194972,1.087781062,
26-Jul-18,99.04,400.63,5590.99,0.9904,0.98253832,1.084483575,
27-Jul-18,99.11,401.2,5554.31,0.9911,0.983936235,1.07736876,
30-Jul-18,99.07,401.16,5522.81,0.9907,0.983838136,1.071258709,
31-Jul-18,99.17,401.91,5549.96,0.9917,0.985677498,1.076524991,
01-Aug-18,99,401.12,5544.19,0.99,0.983740037,1.075405785,
02-Aug-18,99.07,401.27,5572.08,0.9907,0.984107909,1.080815604,
03-Aug-18,99.22,402.31,5598.71,0.9922,0.986658492,1.085981022,
06-Aug-18,99.26,402.56,5619.05,0.9926,0.987271613,1.089926369,
07-Aug-18,99.12,402.17,5634.98,0.9912,0.986315144,1.093016309,
08-Aug-18,99.16,402.12,5633.67,0.9916,0.98619252,1.092762208,
09-Aug-18,99.36,402.77,5627,0.9936,0.987786634,1.091468429,
10-Aug-18,99.61,403.28,5588.66,0.9961,0.9890374,1.084031625,
13-Aug-18,99.6,403,5566.36,0.996,0.988350705,1.079706097,
14-Aug-18,99.52,402.81,5602.41,0.9952,0.987884733,1.08669871,
15-Aug-18,99.69,403.44,5560.85,0.9969,0.989429798,1.078637323,
16-Aug-18,99.66,403.81,5606.56,0.9966,0.990337216,1.087503685,
17-Aug-18,99.7,403.95,5625.66,0.997,0.990680564,1.09120851,
20-Aug-18,99.91,405.04,5639.53,0.9991,0.993353771,1.093898872,
21-Aug-18,99.81,404.77,5651.39,0.9981,0.9926916,1.096199354,
22-Aug-18,99.94,404.96,5649.31,0.9994,0.993157572,1.095795897,
23-Aug-18,99.93,404.98,5640.1,0.9993,0.993206622,1.094009435,
24-Aug-18,99.96,405.18,5675.12,0.9996,0.993697118,1.100802259,
27-Aug-18,99.82,404.51,5719.3,0.9982,0.992053955,1.109371848,
28-Aug-18,99.67,403.85,5720.89,0.9967,0.990435316,1.10968026,
29-Aug-18,99.67,403.89,5754,0.9967,0.990533415,1.116102602,
30-Aug-18,99.77,403.96,5729.45,0.9977,0.990705089,1.111340642,
31-Aug-18,99.77,403.58,5730.8,0.9977,0.989773145,1.111602501,
04-Sep-18,99.64,403.03,5721.86,0.9964,0.98842428,1.109868411,
05-Sep-18,99.62,402.61,5705.86,0.9962,0.987394237,1.106764893,
06-Sep-18,99.72,403.35,5686.7,0.9972,0.989209074,1.10304843,
07-Sep-18,99.44,402.42,5674.58,0.9944,0.986928265,1.100697516,
10-Sep-18,99.5,402.65,5685.34,0.995,0.987492336,1.102784631,
11-Sep-18,99.3,401.9,5706.99,0.993,0.985652974,1.106984079,
12-Sep-18,99.35,402.36,5709.08,0.9935,0.986781116,1.107389476,
13-Sep-18,99.35,402.72,5740.75,0.9935,0.98766401,1.113532502,
14-Sep-18,99.22,402.66,5743.19,0.9922,0.987516861,1.114005788,
17-Sep-18,99.26,402.76,5711.29,0.9926,0.987762109,1.107818149,
18-Sep-18,99,401.59,5742.18,0.99,0.984892704,1.113809878,
19-Sep-18,98.89,400.89,5749.39,0.9889,0.983175966,1.115208401,
20-Sep-18,98.95,401.52,5794.72,0.9895,0.98472103,1.124001055,
21-Sep-18,98.97,401.85,5792.72,0.9897,0.985530349,1.123613115,
24-Sep-18,98.92,401.52,5772.36,0.9892,0.98472103,1.119663889,
25-Sep-18,98.88,401.23,5765.25,0.9888,0.98400981,1.118284763,
26-Sep-18,99.07,402.4,5746.27,0.9907,0.986879215,1.114603215,
27-Sep-18,99.07,402.69,5763.22,0.9907,0.987590435,1.117891004,
28-Sep-18,99.07,402.59,5763.42,0.9907,0.987345187,1.117929798,
01-Oct-18,98.92,401.93,5784.45,0.9892,0.985726548,1.122008985,
02-Oct-18,99.09,402.62,5782.37,0.9909,0.987418761,1.121605527,
03-Oct-18,98.64,400.5,5786.48,0.9864,0.982219497,1.122402744,
04-Oct-18,98.48,399.33,5740.56,0.9848,0.979350092,1.113495647,
05-Oct-18,98.31,398.52,5708.9,0.9831,0.977363581,1.107354561,
09-Oct-18,98.47,399.02,5700.23,0.9847,0.978589822,1.105672843,
10-Oct-18,98.49,398.94,5512.94,0.9849,0.978393624,1.069344227,
11-Oct-18,98.74,399.92,5399.54,0.9874,0.980797057,1.047348044,
12-Oct-18,98.66,399.26,5476.83,0.9866,0.979178418,1.062339975,
15-Oct-18,98.69,399.71,5444.61,0.9869,0.980282036,1.056090266,
16-Oct-18,98.7,399.59,5561.8,0.987,0.979987738,1.078821594,
17-Oct-18,98.54,398.49,5560.62,0.9854,0.977290006,1.07859271,
18-Oct-18,98.61,398.67,5481.13,0.9861,0.977731453,1.063174045,
19-Oct-18,98.53,398.5,5479.3,0.9853,0.977314531,1.06281908,
22-Oct-18,98.53,397.93,5455.88,0.9853,0.975916616,1.058276306,
23-Oct-18,98.67,397.82,5426.08,0.9867,0.975646842,1.052496004,
24-Oct-18,98.96,399.2,5258.61,0.9896,0.979031269,1.020011871,
25-Oct-18,98.82,398.67,5356.54,0.9882,0.977731453,1.03900734,
26-Oct-18,99.06,399.22,5263.74,0.9906,0.979080319,1.021006936,
29-Oct-18,99.04,399.49,5229.28,0.9904,0.979742489,1.014322735,
30-Oct-18,98.9,398.15,5311.67,0.989,0.976456162,1.030303912,
31-Oct-18,98.75,397.53,5369.49,0.9875,0.974935622,1.04151925,
01-Nov-18,98.82,397.41,5426.33,0.9882,0.974641324,1.052544497,
02-Nov-18,98.48,396.16,5392.53,0.9848,0.97157572,1.045988315,
05-Nov-18,98.56,396.6,5422.88,0.9856,0.972654813,1.051875301,
06-Nov-18,98.5,397.06,5457.25,0.985,0.973782955,1.058542045,
07-Nov-18,98.49,397.33,5573.06,0.9849,0.974445126,1.081005695,
08-Nov-18,98.43,397.27,5562,0.9843,0.974297977,1.078860388,
09-Nov-18,98.67,397.92,5511.79,0.9867,0.975892091,1.069121161,
13-Nov-18,98.9,398.25,5395.37,0.989,0.97670141,1.04653919,
14-Nov-18,99.01,397.81,5355.94,0.9901,0.975622318,1.038890958,
15-Nov-18,99.03,396.99,5414.43,0.9903,0.973611281,1.050236255,
16-Nov-18,99.22,397.47,5426.86,0.9922,0.974788473,1.052647301,
19-Nov-18,99.35,397.89,5336.7,0.9935,0.975818516,1.035158978,
20-Nov-18,99.33,397.21,5240.23,0.9933,0.974150828,1.016446705,
21-Nov-18,99.3,397.63,5256.61,0.993,0.975180871,1.019623931,
23-Nov-18,99.37,397.66,5222.43,0.9937,0.975254445,1.012994041,
26-Nov-18,99.29,397.76,5304.17,0.9929,0.975499693,1.028849138,
27-Nov-18,99.33,397.55,5321.52,0.9933,0.974984672,1.032214515,
28-Nov-18,99.3,396.84,5444.12,0.993,0.973243409,1.055995221,
29-Nov-18,99.42,397.03,5433.49,0.9942,0.973709381,1.053933321,
30-Nov-18,99.52,397.04,5478.91,0.9952,0.973733906,1.062743432,
03-Dec-18,99.64,398.39,5538.86,0.9964,0.977044758,1.074371926,
04-Dec-18,99.98,399.25,5359.91,0.9998,0.979153893,1.039661018,
06-Dec-18,100.14,398.96,5353.43,1.0014,0.978442673,1.038404094,
07-Dec-18,100.29,399.96,5229.44,1.0029,0.980895156,1.01435377,
10-Dec-18,100.36,400.2,5238.7,1.0036,0.981483752,1.016149931,
11-Dec-18,100.27,400.14,5237.1,1.0027,0.981336603,1.015839579,
12-Dec-18,100.14,400.17,5265.53,1.0014,0.981410178,1.021354142,
13-Dec-18,100.15,400.5,5265.46,1.0015,0.982219497,1.021340565,
14-Dec-18,100.27,400.88,5165.6,1.0027,0.983151441,1.001970734,
17-Dec-18,100.47,401.91,5058.58,1.0047,0.985677498,0.981212079,
18-Dec-18,100.65,402.74,5059.34,1.0065,0.987713059,0.981359496,
19-Dec-18,100.9,403.92,4981.92,1.009,0.99060699,0.966342349,
20-Dec-18,100.81,402.6,4903.46,1.0081,0.987369712,0.951123473,
21-Dec-18,100.86,402.39,4802.51,1.0086,0.98685469,0.931542216,
24-Dec-18,101.13,403.5,4672.66,1.0113,0.989576947,0.906355229,
26-Dec-18,100.77,401.36,4904.49,1.0077,0.984328633,0.951323262,
27-Dec-18,100.89,400.75,4946.94,1.0089,0.982832618,0.959557283,
28-Dec-18,101.2,402.32,4941.61,1.012,0.986683017,0.958523424,
31-Dec-18,101.35,403.21,4984.22,1.0135,0.988865727,0.96678848,
02-Jan-19,101.52,403.93,4990.56,1.0152,0.990631514,0.968018249,
03-Jan-19,102,405.5,4868.3,1.02,0.994481913,0.944303493,
04-Jan-19,101.52,403.52,5035.45,1.0152,0.989625996,0.976725556,
07-Jan-19,101.38,403.13,5070.76,1.0138,0.988669528,0.983574632,
08-Jan-19,101.24,403.28,5120.04,1.0124,0.9890374,0.993133467,
09-Jan-19,101.26,404.06,5142.66,1.0126,0.990950337,0.997521065,
10-Jan-19,101.17,403.62,5165.89,1.0117,0.989871245,1.002026985,
11-Jan-19,101.32,404.17,5165.15,1.0132,0.99122011,1.001883447,
14-Jan-19,101.29,404.02,5138.58,1.0129,0.990852238,0.996729668,
15-Jan-19,101.22,403.61,5193.78,1.0122,0.98984672,1.007436805,
16-Jan-19,101.21,403.95,5205.45,1.0121,0.990680564,1.009700433,
17-Jan-19,101.14,404,5245.48,1.0114,0.990803188,1.017465047,
18-Jan-19,100.96,404.29,5314.78,1.0096,0.991514408,1.030907158,
22-Jan-19,101.17,405.56,5239.75,1.0117,0.994629062,1.016353599,
23-Jan-19,101.16,406.17,5251.29,1.0116,0.996125077,1.018592012,
24-Jan-19,101.35,407.3,5258.69,1.0135,0.998896383,1.020027389,
25-Jan-19,101.2,407.2,5303.51,1.012,0.998651134,1.028721118,
28-Jan-19,101.22,407.28,5261.88,1.0122,0.998847333,1.020646152,
29-Jan-19,101.39,408.34,5254.31,1.0139,1.001446965,1.019177801,
30-Jan-19,101.5,409.15,5336.6,1.015,1.003433476,1.035139581,
31-Jan-19,101.77,411.04,5383.63,1.0177,1.00806867,1.044261983,
01-Feb-19,101.51,410.7,5389.19,1.0151,1.007234825,1.045340456,
04-Feb-19,101.39,410.36,5425.8,1.0139,1.006400981,1.052441693,
05-Feb-19,101.51,411.48,5451.4,1.0151,1.009147762,1.057407321,
06-Feb-19,101.56,411.73,5439.8,1.0156,1.009760883,1.055157271,
07-Feb-19,101.75,412.15,5389.69,1.0175,1.010790926,1.045437441,
08-Feb-19,101.87,412.46,5395.12,1.0187,1.011551196,1.046490697,
11-Feb-19,101.77,412.43,5399,1.0177,1.011477621,1.0472433,
12-Feb-19,101.69,412.11,5468.98,1.0169,1.010692826,1.060817311,
13-Feb-19,101.55,411.56,5485.97,1.0155,1.009343961,1.064112859,
14-Feb-19,101.77,412.16,5473.33,1.0177,1.010815451,1.06166108,
15-Feb-19,101.76,412.61,5533.27,1.0176,1.011919068,1.073287634,
19-Feb-19,101.89,413.24,5541.98,1.0189,1.013464132,1.074977112,
20-Feb-19,101.85,412.92,5552.9,1.0185,1.012679338,1.077095262,
21-Feb-19,101.62,411.77,5533.8,1.0162,1.009858982,1.073390438,
22-Feb-19,101.81,412.5,5569.45,1.0181,1.011649295,1.080305464,
25-Feb-19,101.75,412.65,5577.09,1.0175,1.012017167,1.081787394,
26-Feb-19,101.91,413.3,5572.74,1.0191,1.013611281,1.080943625,
27-Feb-19,101.67,412.15,5570.57,1.0167,1.010790926,1.08052271,
28-Feb-19,101.54,411.9,5556.49,1.0154,1.010177805,1.077791614,
01-Mar-19,101.29,410.93,5595.11,1.0129,1.007798896,1.08528273,
04-Mar-19,101.51,412.11,5573.53,1.0151,1.010692826,1.081096861,
05-Mar-19,101.55,412.45,5567.4,1.0155,1.011526671,1.079907826,
06-Mar-19,101.7,412.77,5531.34,1.017,1.012311465,1.072913272,
07-Mar-19,101.92,413.63,5487.56,1.0192,1.014420601,1.064421272,
08-Mar-19,102.02,413.8,5476.39,1.0202,1.014837523,1.062254628,
11-Mar-19,101.96,413.66,5556.77,1.0196,1.014494175,1.077845926,
12-Mar-19,102.15,415.05,5573.44,1.0215,1.017903127,1.081079404,
13-Mar-19,102.12,414.88,5612.56,1.0212,1.017486205,1.088667505,
14-Mar-19,102,414.23,5609.59,1.02,1.015892091,1.088091414,
15-Mar-19,102.17,415.29,5637.77,1.0217,1.018491723,1.093557485,
18-Mar-19,102.14,415.38,5658.73,1.0214,1.018712446,1.097623093,
19-Mar-19,102.09,415.33,5658.15,1.0209,1.018589822,1.097510591,
20-Mar-19,102.49,417.07,5641.74,1.0249,1.022857143,1.094327545,
21-Mar-19,102.48,417.41,5703.28,1.0248,1.023690987,1.106264451,
22-Mar-19,103,420.09,5595.5,1.03,1.030263642,1.085358379,
25-Mar-19,103.15,420.65,5591.23,1.0315,1.031637032,1.084530127,
26-Mar-19,103.12,421.03,5631.39,1.0312,1.032568976,1.092319957,
27-Mar-19,103.36,422.08,5605.32,1.0336,1.035144083,1.087263163,
28-Mar-19,103.38,422.32,5626.32,1.0338,1.035732679,1.09133653,
29-Mar-19,103.31,422.19,5664.46,1.0331,1.035413857,1.098734541,
01-Apr-19,102.88,420.19,5730.04,1.0288,1.03050889,1.111455084,
02-Apr-19,102.98,420.67,5730.35,1.0298,1.031686082,1.111515215,
03-Apr-19,102.76,419.78,5742.67,1.0276,1.029503372,1.113904924,
04-Apr-19,102.83,420.3,5755.96,1.0283,1.030778663,1.116482783,
05-Apr-19,102.85,420.72,5782.7,1.0285,1.031808706,1.121669537,
08-Apr-19,102.78,420.49,5788.86,1.0278,1.031244635,1.122864392,
09-Apr-19,102.88,421.37,5755.49,1.0288,1.03340282,1.116391617,
10-Apr-19,102.99,422.1,5775.99,1.0299,1.035193133,1.120368,
11-Apr-19,102.82,421.83,5776.28,1.0282,1.034530963,1.120424251,
12-Apr-19,102.56,421.25,5815.04,1.0256,1.033108522,1.127942523,
15-Apr-19,102.66,421.91,5811.51,1.0266,1.034727161,1.127257809,
16-Apr-19,102.48,421.21,5814.46,1.0248,1.033010423,1.12783002,
17-Apr-19,102.49,421.19,5801.83,1.0249,1.032961373,1.125380181,
18-Apr-19,102.67,422.01,5811.13,1.0267,1.03497241,1.127184101,
22-Apr-19,102.56,421.1,5817.16,1.0256,1.03274065,1.128353739,
23-Apr-19,102.67,421.56,5868.88,1.0267,1.033868792,1.13838586,
24-Apr-19,102.92,422.84,5856.03,1.0292,1.037007971,1.135893348,
25-Apr-19,102.86,422.81,5853.87,1.0286,1.036934396,1.135474373,
26-Apr-19,103.02,423.58,5881.48,1.0302,1.038822808,1.140829881,
29-Apr-19,102.9,423.08,5888.05,1.029,1.037596567,1.142104263,
30-Apr-19,103.05,423.68,5893.81,1.0305,1.039068056,1.143221529,
01-May-19,103.06,423.89,5849.65,1.0306,1.039583078,1.13465582,
02-May-19,102.87,422.72,5837.46,1.0287,1.036713673,1.132291327,
03-May-19,102.96,423.13,5894.3,1.0296,1.037719191,1.143316574,
06-May-19,103.12,423.62,5868.45,1.0312,1.038920907,1.138302453,
07-May-19,103.34,424.64,5771.59,1.0334,1.04142244,1.119514532,
08-May-19,103.21,423.86,5762.48,1.0321,1.039509503,1.117747467,
09-May-19,103.37,424.32,5747.08,1.0337,1.040637646,1.114760331,
10-May-19,103.32,423.8,5770.44,1.0332,1.039362354,1.119291467,
13-May-19,103.68,424.66,5631.41,1.0368,1.04147149,1.092323837,
14-May-19,103.6,424.36,5677.2,1.036,1.040735745,1.101205717,
15-May-19,103.81,425.49,5711.49,1.0381,1.043507051,1.107856943,
16-May-19,103.69,425.25,5763.95,1.0369,1.042918455,1.118032602,
17-May-19,103.74,425.43,5730.89,1.0374,1.043359902,1.111619959,
20-May-19,103.65,424.77,5692.3,1.0365,1.041741263,1.104134662,
21-May-19,103.56,424.4,5740.81,1.0356,1.040833844,1.11354414,
22-May-19,103.75,425.23,5724.71,1.0375,1.042869405,1.110421225,
23-May-19,104.15,426.47,5657.1,1.0415,1.045910484,1.097306922,
24-May-19,104.14,426.55,5665.6,1.0414,1.046106683,1.098955666,
28-May-19,104.41,427.62,5618.18,1.0441,1.04873084,1.089757615,
29-May-19,104.45,427.03,5579.51,1.0445,1.047283875,1.082256801,
30-May-19,104.7,428.71,5591.97,1.047,1.051404047,1.084673665,
31-May-19,105.19,430.58,5519.27,1.0519,1.05599019,1.070572056,
03-Jun-19,105.53,431.9,5504.05,1.0553,1.059227468,1.067619835,
04-Jun-19,105.24,430.65,5622.31,1.0524,1.056161864,1.090558711,
05-Jun-19,105.21,430.41,5668.89,1.0521,1.055573268,1.099593827,
06-Jun-19,105.19,430.47,5705.22,1.0519,1.055720417,1.106640752,
07-Jun-19,105.47,432.04,5765.66,1.0547,1.059570815,1.118364291,
10-Jun-19,105.17,431.36,5792.56,1.0517,1.057903127,1.12358208,
11-Jun-19,105.16,431.44,5790.83,1.0516,1.058099326,1.123246512,
12-Jun-19,105.29,431.96,5779.12,1.0529,1.059374617,1.120975125,
13-Jun-19,105.45,432.65,5804.53,1.0545,1.06106683,1.1259039,
14-Jun-19,105.49,432.82,5795.96,1.0549,1.061483752,1.124241578,
17-Jun-19,105.5,433.03,5801.4,1.055,1.061998774,1.125296774,
18-Jun-19,105.62,434.42,5857.95,1.0562,1.065407725,1.13626577,
19-Jun-19,105.84,435.77,5875.45,1.0584,1.068718578,1.139660242,
20-Jun-19,105.93,437.48,5931.66,1.0593,1.072912324,1.150563288,
21-Jun-19,105.65,436.81,5924.54,1.0565,1.07126916,1.149182223,
24-Jun-19,105.91,438.71,5914.29,1.0591,1.075928878,1.147194032,
25-Jun-19,106.02,438.87,5858.13,1.0602,1.076321275,1.136300684,
26-Jun-19,105.75,437.7,5850.9,1.0575,1.07345187,1.134898282,
27-Jun-19,105.94,439.01,5874.15,1.0594,1.076664623,1.139408082,
28-Jun-19,105.97,439.58,5908.25,1.0597,1.078062538,1.146022454,
01-Jul-19,105.88,439.93,5953.63,1.0588,1.078920907,1.154824806,
02-Jul-19,106.1,441.06,5971.29,1.061,1.081692213,1.158250314,
03-Jul-19,106.24,441.93,6018.54,1.0624,1.083825874,1.16741539,
05-Jul-19,105.77,440.03,6008.31,1.0577,1.079166156,1.165431079,
08-Jul-19,105.75,439.6,5979.34,1.0575,1.078111588,1.159811772,
09-Jul-19,105.7,439.27,5988.48,1.057,1.077302269,1.161584656,
10-Jul-19,105.75,439.23,6015.56,1.0575,1.077204169,1.16683736,
11-Jul-19,105.39,437.51,6029.33,1.0539,1.072985898,1.169508325,
12-Jul-19,105.45,437.62,6057.77,1.0545,1.073255671,1.175024828,
15-Jul-19,105.62,438.65,6058.83,1.0562,1.075781729,1.175230436,
16-Jul-19,105.48,437.98,6038.4,1.0548,1.074138565,1.171267632,
17-Jul-19,105.82,439.69,5999.05,1.0582,1.078332311,1.163634918,
18-Jul-19,105.95,440.36,6021.15,1.0595,1.079975475,1.167921652,
19-Jul-19,105.82,440.01,5984.2,1.0582,1.079117106,1.160754465,
22-Jul-19,105.87,440.45,6001.28,1.0587,1.080196199,1.16406747,
23-Jul-19,105.74,440.23,6042.48,1.0574,1.079656652,1.172059029,
24-Jul-19,105.84,440.95,6071.05,1.0584,1.08142244,1.177600748,
25-Jul-19,105.68,440.65,6039.13,1.0568,1.080686695,1.17140923,
26-Jul-19,105.71,440.91,6083.82,1.0571,1.081324341,1.180077743,
29-Jul-19,105.77,441.2,6074.01,1.0577,1.082035561,1.178174899,
30-Jul-19,105.82,441.28,6058.96,1.0582,1.08223176,1.175255652,
31-Jul-19,105.97,442.3,5993.17,1.0597,1.084733292,1.162494375,
01-Aug-19,106.72,445.69,5939.83,1.0672,1.09304721,1.152148022,
02-Aug-19,106.91,446.2,5897.1,1.0691,1.094297977,1.14385969,
05-Aug-19,107.56,448.49,5721.8,1.0756,1.099914163,1.109856773,
06-Aug-19,107.73,449.07,5796.72,1.0773,1.101336603,1.124388995,
07-Aug-19,107.75,448.45,5801.32,1.0775,1.099816064,1.125281256,
08-Aug-19,107.76,448.99,5911.66,1.0776,1.101140405,1.146683891,
09-Aug-19,107.65,448.26,5873.47,1.0765,1.099350092,1.139276182,
12-Aug-19,108.23,450.84,5804.25,1.0823,1.105677498,1.125849588,
13-Aug-19,107.97,449.92,5890.16,1.0797,1.103421214,1.142513539,
14-Aug-19,108.57,452.52,5719.3,1.0857,1.10979767,1.109371848,
15-Aug-19,109.04,454.38,5734.49,1.0904,1.114359289,1.11231825,
16-Aug-19,108.85,453.57,5818.17,1.0885,1.112372777,1.128549649,
19-Aug-19,108.44,451.96,5888.93,1.0844,1.10842428,1.142274956,
20-Aug-19,108.77,453.76,5842.76,1.0877,1.112838749,1.133319368,
21-Aug-19,108.53,453.38,5891.19,1.0853,1.111906806,1.142713328,
22-Aug-19,108.33,452.86,5888.37,1.0833,1.110631514,1.142166333,
23-Aug-19,108.87,455.17,5735.63,1.0887,1.11629675,1.112539376,
26-Aug-19,108.76,454.68,5799.34,1.0876,1.115095034,1.124897196,
27-Aug-19,109.15,456.81,5780.79,1.0915,1.120318823,1.121299055,
28-Aug-19,109.2,456.9,5818.84,1.092,1.120539546,1.128679608,
29-Aug-19,109.05,456.27,5893.65,1.0905,1.118994482,1.143190494,
30-Aug-19,109.08,456.31,5898.23,1.0908,1.119092581,1.144078876,
03-Sep-19,109.22,456.25,5857.95,1.0922,1.118945432,1.13626577,
04-Sep-19,109.35,456.82,5921.96,1.0935,1.120343348,1.148681781,
05-Sep-19,108.71,453.92,6000.38,1.0871,1.113231147,1.163892898,
06-Sep-19,108.85,454.56,6006.07,1.0885,1.114800736,1.164996586,
09-Sep-19,108.36,452.31,6005.99,1.0836,1.109282649,1.164981069,
10-Sep-19,107.79,449.12,6008.12,1.0779,1.101459227,1.165394224,
11-Sep-19,107.73,448.93,6051.87,1.0773,1.100993256,1.173880406,
12-Sep-19,107.52,448.17,6070.23,1.0752,1.099129368,1.177441693,
13-Sep-19,106.85,444.64,6067.5,1.0685,1.090472103,1.176912155,
16-Sep-19,107.22,446.73,6048.67,1.0722,1.095597793,1.173259702,
17-Sep-19,107.41,447.66,6064.31,1.0741,1.097878602,1.176293391,
18-Sep-19,107.47,448.16,6066.42,1.0747,1.099104844,1.176702667,
19-Sep-19,107.52,448.83,6066.9,1.0752,1.100748007,1.176795773,
20-Sep-19,107.92,451.51,6037.5,1.0792,1.107320662,1.171093059,
23-Sep-19,108.01,452,6036.9,1.0801,1.108522379,1.170976677,
24-Sep-19,108.4,453.92,5986.58,1.084,1.113231147,1.161216113,
25-Sep-19,107.9,451.06,6023.46,1.079,1.106217045,1.168369722,
26-Sep-19,108.08,451.92,6009.19,1.0808,1.10832618,1.165601772,
27-Sep-19,108.2,452.34,5978.11,1.082,1.109356223,1.159573189,
30-Sep-19,108.29,452.91,6008.59,1.0829,1.110754139,1.16548539,
01-Oct-19,108.51,453.78,5935.2,1.0851,1.112887799,1.151249942,
02-Oct-19,108.71,453.93,5828.93,1.0871,1.113255671,1.130636764,
03-Oct-19,109.11,455.55,5876.86,1.0911,1.117228694,1.13993374,
04-Oct-19,109.27,456.64,5960.43,1.0927,1.119901901,1.156143801,
07-Oct-19,109,455.38,5933.76,1.09,1.116811772,1.150970625,
08-Oct-19,109.14,455.71,5841.57,1.0914,1.117621091,1.133088543,
09-Oct-19,108.94,454.88,5896.6,1.0894,1.11558553,1.143762705,
10-Oct-19,108.45,452.61,5934.56,1.0845,1.110018394,1.151125801,
11-Oct-19,108.01,450.93,6000.04,1.0801,1.105898222,1.163826948,
15-Oct-19,107.87,450.82,6051.39,1.0787,1.105628449,1.1737873,
16-Oct-19,107.98,451.56,6039.69,1.0798,1.107443286,1.171517853,
17-Oct-19,107.93,451.64,6056.84,1.0793,1.107639485,1.174844436,
18-Oct-19,107.98,452.18,6033.26,1.0798,1.108963826,1.170270627,
21-Oct-19,107.73,451.29,6074.9,1.0773,1.106781116,1.178347532,
22-Oct-19,107.89,452.51,6053.42,1.0789,1.109773145,1.174181059,
23-Oct-19,107.92,452.54,6070.87,1.0792,1.10984672,1.177565833,
24-Oct-19,107.88,452.58,6082.54,1.0788,1.109944819,1.179829462,
25-Oct-19,107.71,452.14,6107.42,1.0771,1.108865727,1.184655432,
28-Oct-19,107.48,451.34,6141.51,1.0748,1.10690374,1.191267865,
29-Oct-19,107.51,451.44,6136.47,1.0751,1.107148988,1.190290257,
30-Oct-19,107.89,453.31,6156.93,1.0789,1.111735132,1.19425888,
31-Oct-19,108.37,455.34,6138.73,1.0837,1.116713673,1.190728628,
01-Nov-19,108.23,454.93,6198.59,1.0823,1.115708155,1.202339665,
04-Nov-19,107.88,453.27,6221.63,1.0788,1.111637032,1.20680873,
05-Nov-19,107.52,451.42,6214.28,1.0752,1.107099939,1.205383052,
06-Nov-19,107.72,452.66,6219.1,1.0772,1.110141018,1.206317986,
07-Nov-19,107.14,450.42,6238.99,1.0714,1.104647456,1.210176047,
08-Nov-19,107.04,449.88,6256.11,1.0704,1.103323115,1.213496811,
12-Nov-19,107.2,450.76,6253.91,1.072,1.1054813,1.213070077,
13-Nov-19,107.41,451.72,6258.58,1.0741,1.107835684,1.213975917,
14-Nov-19,107.75,453.53,6265.42,1.0775,1.112274678,1.215302671,
15-Nov-19,107.67,453.11,6314.74,1.0767,1.111244635,1.224869264,
18-Nov-19,107.79,453.7,6318.02,1.0779,1.1126916,1.225505485,
19-Nov-19,107.95,454.64,6314.66,1.0795,1.114996934,1.224853747,
20-Nov-19,108.24,456.16,6292.17,1.0824,1.118724709,1.220491364,
21-Nov-19,108.06,454.97,6282.59,1.0806,1.115806254,1.218633133,
22-Nov-19,108.05,455.07,6296.34,1.0805,1.116051502,1.221300219,
25-Nov-19,108.13,455.88,6344.36,1.0813,1.118038013,1.230614652,
26-Nov-19,108.29,457.14,6358.46,1.0829,1.121128142,1.233349627,
27-Nov-19,108.13,456.47,6385.76,1.0813,1.119484979,1.238645004,
29-Nov-19,108.12,456.43,6361.56,1.0812,1.119386879,1.233950933,
02-Dec-19,107.83,454.78,6306.88,1.0783,1.115340282,1.223344661,
03-Dec-19,108.47,457.98,6265.22,1.0847,1.123188228,1.215263877,
04-Dec-19,108.16,456.75,6305.49,1.0816,1.120171674,1.223075043,
05-Dec-19,108.02,456.27,6316.69,1.0802,1.118994482,1.225247506,
06-Dec-19,107.81,455.65,6374.7,1.0781,1.117473942,1.236499697,
09-Dec-19,107.88,456.45,6355.07,1.0788,1.119435929,1.232692069,
10-Dec-19,107.82,456.37,6348.31,1.0782,1.11923973,1.231380833,
11-Dec-19,108.08,457.86,6366.84,1.0808,1.12289393,1.234975094,
12-Dec-19,107.56,455.69,6422.35,1.0756,1.117572042,1.245742361,
13-Dec-19,107.96,458.03,6423.93,1.0796,1.123310852,1.246048834,
16-Dec-19,107.68,456.74,6470.03,1.0768,1.120147149,1.254990845,
17-Dec-19,107.67,456.99,6472.24,1.0767,1.12076027,1.255419518,
18-Dec-19,107.48,456.29,6470,1.0748,1.119043532,1.254985026,
19-Dec-19,107.53,456.71,6499.26,1.0753,1.120073574,1.260660584,
20-Dec-19,107.54,456.89,6531.75,1.0754,1.120515021,1.266962665,
23-Dec-19,107.48,456.69,6537.4,1.0748,1.120024525,1.268058594,
24-Dec-19,107.63,457.59,6536.58,1.0763,1.12223176,1.267899539,
26-Dec-19,107.68,458.02,6570.71,1.0768,1.123286327,1.274519731,
27-Dec-19,107.8,458.57,6571.03,1.078,1.124635193,1.274581801,
30-Dec-19,107.77,458.32,6533.91,1.0777,1.124022072,1.26738164,
31-Dec-19,107.56,457.15,6553.57,1.0756,1.121152667,1.271195087,
02-Jan-20,107.83,458.73,6609.29,1.0783,1.12502759,1.282003088,
03-Jan-20,108.28,460.91,6563.32,1.0828,1.130374004,1.273086293,
06-Jan-20,108.17,459.82,6586.54,1.0817,1.127700797,1.277590274,
07-Jan-20,108.06,458.85,6568.74,1.0806,1.125321888,1.27413761,
08-Jan-20,107.87,457.83,6601.15,1.0787,1.122820356,1.280424173,
09-Jan-20,107.93,458.43,6646.84,1.0793,1.124291845,1.289286656,
10-Jan-20,108.13,460.06,6627.87,1.0813,1.128289393,1.285607048,
13-Jan-20,108.05,459.73,6674.13,1.0805,1.127480074,1.294580094,
14-Jan-20,108.21,460.38,6664.66,1.0821,1.129074188,1.292743199,
15-Jan-20,108.39,461.39,6677.25,1.0839,1.131551196,1.29518528,
16-Jan-20,108.28,461.14,6733.35,1.0828,1.130938075,1.306066989,
17-Jan-20,108.13,461,6759.51,1.0813,1.130594727,1.311141241,
21-Jan-20,108.47,463.04,6741.71,1.0847,1.135597793,1.307688578,
22-Jan-20,108.54,463.71,6743.9,1.0854,1.137240956,1.308113372,
23-Jan-20,108.73,464.46,6752.09,1.0873,1.139080319,1.309701985,
24-Jan-20,108.98,465.57,6691.22,1.0898,1.141802575,1.297895039,
27-Jan-20,109.48,467.63,6585.95,1.0948,1.14685469,1.277475831,
28-Jan-20,109.23,466.05,6652.3,1.0923,1.142979767,1.290345732,
29-Jan-20,109.57,467.95,6646.69,1.0957,1.147639485,1.289257561,
30-Jan-20,109.61,467.36,6668.52,1.0961,1.14619252,1.293491923,
31-Jan-20,109.97,469.06,6551,1.0997,1.150361741,1.270696585,
03-Feb-20,109.92,468.67,6598.63,1.0992,1.149405273,1.279935369,
04-Feb-20,109.47,466.81,6697.49,1.0947,1.144843654,1.29911123,
05-Feb-20,109.15,465.56,6772.98,1.0915,1.14177805,1.313754015,
06-Feb-20,109.24,466.46,6796.64,1.0924,1.143985285,1.318343342,
07-Feb-20,109.6,468.49,6761.26,1.096,1.148963826,1.311480688,
10-Feb-20,109.75,469.18,6811.83,1.0975,1.150656039,1.321289744,
11-Feb-20,109.57,468.31,6823.59,1.0957,1.148522379,1.32357083,
12-Feb-20,109.4,467.68,6867.92,1.094,1.146977315,1.332169514,
13-Feb-20,109.48,468.19,6858.92,1.0948,1.148228081,1.330423785,
14-Feb-20,109.61,468.98,6872.68,1.0961,1.150165543,1.333092811,
18-Feb-20,109.83,470.14,6853.04,1.0983,1.153010423,1.329283243,
19-Feb-20,109.81,469.97,6886.47,1.0981,1.152593501,1.335767655,
20-Feb-20,110.06,470.85,6860.52,1.1006,1.154751686,1.330734137,
21-Feb-20,110.36,472.12,6788.6,1.1036,1.15786634,1.316783824,
24-Feb-20,110.96,473.94,6561.94,1.1096,1.162329859,1.272818615,
25-Feb-20,111.2,474.23,6363.37,1.112,1.163041079,1.234302019,
26-Feb-20,111.11,472.94,6339.38,1.1111,1.159877376,1.229648682,
27-Feb-20,111.52,473.33,6060.67,1.1152,1.160833844,1.175587341,
28-Feb-20,112.44,474.82,6011.73,1.1244,1.164488044,1.166094456,
02-Mar-20,112.23,473.53,6288.64,1.1223,1.161324341,1.219806651,
03-Mar-20,113.1,478.45,6112.07,1.131,1.173390558,1.185557392,
04-Mar-20,112.89,477.63,6370.35,1.1289,1.171379522,1.235655928,
05-Mar-20,113.62,480.6,6155.58,1.1362,1.178663397,1.193997021,
06-Mar-20,114.84,482.74,6050.8,1.1484,1.183911711,1.173672858,
09-Mar-20,115.69,476.63,5591.74,1.1569,1.168927039,1.084629052,
10-Mar-20,114.1,471.02,5868.11,1.141,1.155168608,1.138236504,
11-Mar-20,113.76,465.07,5581.76,1.1376,1.140576334,1.082693233,
12-Mar-20,113.46,453.78,5051.97,1.1346,1.112887799,0.979929938,
13-Mar-20,112.74,451.7,5522.85,1.1274,1.107786634,1.071266468,
16-Mar-20,114.47,451.74,4861.22,1.1447,1.107884733,0.942930186,
17-Mar-20,112.58,439.84,5152.83,1.1258,1.078700184,0.999493739,
18-Mar-20,111.42,427.65,4885.76,1.1142,1.048804414,0.947690207,
19-Mar-20,111.57,417.88,4909.13,1.1157,1.024843654,0.952223283,
20-Mar-20,113.53,420.88,4697.09,1.1353,1.032201104,0.911093912,
23-Mar-20,114.76,422.85,4559.5,1.1476,1.037032495,0.884405599,
24-Mar-20,114.36,423.02,4987.8,1.1436,1.037449418,0.967482892,
25-Mar-20,114.32,428.75,5045.35,1.1432,1.051502146,0.978645858,
26-Mar-20,114.59,436.43,5360.49,1.1459,1.070337216,1.039773521,
27-Mar-20,115.37,442.68,5179.92,1.1537,1.085665236,1.004748382,
30-Mar-20,115.25,444.96,5354.39,1.1525,1.091256898,1.038590305,
31-Mar-20,115.21,447.94,5269.2,1.1521,1.098565297,1.022066012,
01-Apr-20,115.57,447.95,5036.64,1.1557,1.098589822,0.97695638,
02-Apr-20,115.69,447.63,5152.47,1.1569,1.097805028,0.99942391,
03-Apr-20,115.76,446.9,5075.16,1.1576,1.096014715,0.984428099,
06-Apr-20,115.51,447.19,5432.17,1.1551,1.096725935,1.053677281,
07-Apr-20,115.33,449.19,5423.52,1.1533,1.101630901,1.051999441,
08-Apr-20,115.13,450.51,5609.55,1.1513,1.104868179,1.088083655,
09-Apr-20,115.28,459.05,5691.54,1.1528,1.125812385,1.103987245,
13-Apr-20,115.07,463.47,5634.15,1.1507,1.136652361,1.092855314,
14-Apr-20,115.16,465.84,5807.1,1.1516,1.142464746,1.126402402,
15-Apr-20,115.91,468.13,5679.53,1.1591,1.148080932,1.101657666,
16-Apr-20,116.15,469.25,5712.6,1.1615,1.150827713,1.10807225,
17-Apr-20,115.79,468.53,5865.9,1.1579,1.149061925,1.13780783,
20-Apr-20,116.04,468.94,5761,1.1604,1.150067443,1.117460391,
21-Apr-20,116.36,468.94,5584.44,1.1636,1.150067443,1.083213072,
22-Apr-20,116.06,468.15,5712.65,1.1606,1.148129982,1.108081948,
23-Apr-20,116.19,469.49,5710.04,1.1619,1.151416309,1.107575687,
24-Apr-20,116.25,469.99,5789.65,1.1625,1.152642551,1.123017628,
27-Apr-20,115.75,467.77,5874.94,1.1575,1.147198038,1.139561318,
28-Apr-20,116.11,469.39,5844.18,1.1611,1.151171061,1.133594805,
29-Apr-20,116.02,469.92,5999.74,1.1602,1.152470877,1.163768757,
30-Apr-20,115.77,468.61,5944.68,1.1577,1.149258124,1.153088776,
01-May-20,115.92,468.65,5778.53,1.1592,1.149356223,1.120860683,
04-May-20,115.87,467.51,5803.12,1.1587,1.146560392,1.125630402,
05-May-20,115.73,466.83,5855.58,1.1573,1.144892704,1.135806061,
06-May-20,115.36,464.34,5815.17,1.1536,1.138786021,1.127967739,
07-May-20,115.9,465.67,5884.14,1.159,1.142047823,1.141345841,
08-May-20,115.56,463.35,5984.55,1.1556,1.136358063,1.160822355,
11-May-20,115.32,461.29,5985.66,1.1532,1.131305947,1.161037661,
12-May-20,115.6,462.32,5863.68,1.156,1.133832005,1.137377217,
13-May-20,115.79,463.5,5761.7,1.1579,1.136725935,1.11759617,
14-May-20,116.02,464.67,5829.33,1.1602,1.13959534,1.130714352,
15-May-20,115.95,465.31,5852.84,1.1595,1.141164929,1.135274584,
18-May-20,115.35,464.94,6037.9,1.1535,1.140257511,1.171170647,
19-May-20,115.52,467.59,5975.15,1.1552,1.146756591,1.158999038,
20-May-20,115.57,469.67,6075.76,1.1557,1.151857756,1.178514346,
21-May-20,115.64,471.05,6028.93,1.1564,1.155242183,1.169430737,
22-May-20,115.74,471.98,6044.16,1.1574,1.157522992,1.172384898,
26-May-20,115.49,471.89,6118.54,1.1549,1.157302269,1.186812377,
27-May-20,115.46,472.2,6209.38,1.1546,1.158062538,1.204432599,
28-May-20,115.38,472.88,6197.02,1.1538,1.159730227,1.202035132,
29-May-20,115.6,474.55,6227.81,1.156,1.163825874,1.208007464,
01-Jun-20,115.48,474.54,6251.48,1.1548,1.163801349,1.212598731,
02-Jun-20,115.36,475.11,6303,1.1536,1.165199264,1.222592058,
03-Jun-20,114.93,474.8,6389.67,1.1493,1.164438994,1.239403426,
04-Jun-20,114.57,474.16,6369.54,1.1457,1.162869405,1.235498813,
05-Jun-20,114.27,475.69,6536.58,1.1427,1.166621704,1.267899539,
08-Jun-20,114.36,477.48,6615.4,1.1436,1.171011649,1.283188244,
09-Jun-20,114.71,478.71,6564.27,1.1471,1.174028204,1.273270565,
10-Jun-20,115.22,480.71,6529.42,1.1522,1.17893317,1.266510715,
11-Jun-20,115.62,479.85,6145.3,1.1562,1.176824034,1.19200301,
12-Jun-20,115.38,478.85,6227.42,1.1538,1.174371551,1.207931816,
15-Jun-20,115.39,478.78,6279.4,1.1539,1.174199877,1.218014369,
16-Jun-20,115.07,481.2,6398.58,1.1507,1.180134887,1.241131698,
17-Jun-20,115.16,481.97,6375.54,1.1516,1.182023299,1.236662632,
18-Jun-20,115.41,482.69,6379.56,1.1541,1.183789086,1.237442391,
19-Jun-20,115.43,483.13,6344.7,1.1543,1.184868179,1.230680601,
22-Jun-20,115.43,482.99,6385.91,1.1543,1.184524831,1.2386741,
23-Jun-20,115.3,482.31,6413.44,1.153,1.182857143,1.24401409,
24-Jun-20,115.56,482.69,6247.66,1.1556,1.183789086,1.211857766,
25-Jun-20,115.6,482.1,6316.45,1.156,1.182342121,1.225200953,
26-Jun-20,115.89,483.42,6163.5,1.1589,1.185579399,1.195533262,
29-Jun-20,115.89,483.3,6254.78,1.1589,1.185285101,1.213238831,
30-Jun-20,115.76,483.34,6351.67,1.1576,1.1853832,1.232032571,
01-Jul-20,115.67,484.03,6383.76,1.1567,1.187075414,1.238257064,
02-Jul-20,115.74,485.62,6414.16,1.1574,1.190974862,1.244153748,
06-Jul-20,115.62,486.48,6516.05,1.1562,1.193083998,1.263917338,
07-Jul-20,115.96,488.76,6445.59,1.1596,1.198675659,1.250250221,
08-Jul-20,115.86,488.35,6496.14,1.1586,1.197670141,1.260055398,
09-Jul-20,116.24,490.38,6461.31,1.1624,1.202648682,1.253299427,
10-Jul-20,116.07,489.75,6528.96,1.1607,1.201103617,1.266421489,
13-Jul-20,116.18,490.72,6467.84,1.1618,1.203482526,1.254566051,
14-Jul-20,116.2,490.64,6555.4,1.162,1.203286327,1.271550052,
15-Jul-20,116.11,491.12,6615.07,1.1611,1.204463519,1.283124234,
16-Jul-20,116.23,492.29,6592.75,1.1623,1.207332925,1.278794826,
17-Jul-20,116.18,492.89,6611.86,1.1618,1.208804414,1.282501591,
20-Jul-20,116.24,494.22,6667.45,1.1624,1.212066217,1.293284375,
21-Jul-20,116.29,495.49,6678.74,1.1629,1.215180871,1.295474295,
22-Jul-20,116.35,496.51,6717.29,1.1635,1.217682403,1.302951833,
23-Jul-20,116.59,497.63,6635.04,1.1659,1.220429185,1.286997812,
24-Jul-20,116.58,497.54,6594.1,1.1658,1.220208461,1.279056686,
27-Jul-20,116.46,496.7,6642.89,1.1646,1.218148375,1.288520475,
28-Jul-20,116.68,497.48,6599.97,1.1668,1.220061312,1.280195289,
29-Jul-20,116.7,497.68,6682.01,1.167,1.220551809,1.296108577,
30-Jul-20,116.89,498.36,6658.02,1.1689,1.222219497,1.29145524,
31-Jul-20,116.89,498.72,6709.81,1.1689,1.223102391,1.301500939,
03-Aug-20,116.8,498.35,6758.2,1.168,1.222194972,1.310887141,
04-Aug-20,117.07,499.97,6782.6,1.1707,1.226167995,1.315620005,
05-Aug-20,116.8,499.22,6826.22,1.168,1.224328633,1.324080971,
06-Aug-20,116.93,500.44,6870.86,1.1693,1.227320662,1.332739786,
07-Aug-20,116.73,499.79,6876.65,1.1673,1.225726548,1.333862871,
10-Aug-20,116.63,499.36,6895.59,1.1663,1.22467198,1.33753666,
11-Aug-20,116.29,498.34,6840.67,1.1629,1.222170448,1.326883835,
12-Aug-20,116.03,495.59,6937.44,1.1603,1.215426119,1.345654299,
13-Aug-20,115.75,493.81,6924.96,1.1575,1.211060699,1.343233555,
14-Aug-20,115.71,492.28,6924.28,1.1571,1.2073084,1.343101656,
17-Aug-20,115.81,491.96,6943.22,1.1581,1.206523605,1.346775445,
18-Aug-20,116,492.35,6960.3,1.16,1.207480074,1.35008845,
19-Aug-20,115.85,491.67,6930.8,1.1585,1.205812385,1.344366339,
20-Aug-20,116.08,492.85,6952.92,1.1608,1.208706315,1.348656953,
21-Aug-20,116.2,493.69,6977.27,1.162,1.210766401,1.353380119,
24-Aug-20,116.12,493.39,7048.17,1.1612,1.210030656,1.367132582,
25-Aug-20,115.94,492.13,7073.6,1.1594,1.206940527,1.372065236,
26-Aug-20,115.86,491.51,7145.77,1.1586,1.205419988,1.386064041,
27-Aug-20,115.45,489.24,7158.18,1.1545,1.199852851,1.388471207,
28-Aug-20,115.51,489.14,7207.1,1.1551,1.199607603,1.397960213,
31-Aug-20,115.67,490.31,7192.11,1.1567,1.202477008,1.395052605,
01-Sep-20,115.97,492.62,7246.37,1.1597,1.208142244,1.405577409,
02-Sep-20,116.18,494.74,7358.49,1.1618,1.213341508,1.427325311,
03-Sep-20,116.27,495.1,7101.38,1.1627,1.214224402,1.377453719,
04-Sep-20,115.71,492.87,7043.62,1.1571,1.208755365,1.366250019,
08-Sep-20,115.92,492.47,6848.42,1.1592,1.207774372,1.328387102,
09-Sep-20,115.85,492.01,6986.76,1.1585,1.206646229,1.355220893,
10-Sep-20,115.98,492.54,6864.23,1.1598,1.207946045,1.331453765,
11-Sep-20,116.05,493.04,6868.22,1.1605,1.209172287,1.332227705,
14-Sep-20,116.04,493.06,6957.91,1.1604,1.209221337,1.349624862,
15-Sep-20,115.99,493.1,6994.33,1.1599,1.209319436,1.356689245,
16-Sep-20,115.92,493.2,6962.29,1.1592,1.209564684,1.35047445,
17-Sep-20,115.99,493.73,6903.82,1.1599,1.2108645,1.339133032,
18-Sep-20,115.89,493.34,6826.72,1.1589,1.209908032,1.324177956,
21-Sep-20,116.04,493.51,6748.08,1.1604,1.210324954,1.308924166,
22-Sep-20,116.03,493.29,6819.08,1.1603,1.209785408,1.322696026,
23-Sep-20,116.07,492.95,6657.82,1.1607,1.208951563,1.291416446,
24-Sep-20,116.14,492,6678.04,1.1614,1.206621704,1.295338516,
25-Sep-20,116.17,490.95,6784.95,1.1617,1.204046597,1.316075834,
28-Sep-20,116.12,490.84,6894.27,1.1612,1.203776824,1.33728062,
29-Sep-20,116.16,491.19,6861.96,1.1616,1.204635193,1.331013454,
30-Sep-20,115.91,490.16,6918.83,1.1591,1.202109135,1.34204452,
01-Oct-20,115.96,490.73,6956.2,1.1596,1.203507051,1.349293174,
02-Oct-20,115.85,490.28,6889.65,1.1585,1.202403433,1.336384479,
05-Oct-20,115.31,488.2,7014.23,1.1531,1.197302269,1.360549245,
06-Oct-20,115.47,490.02,6916.4,1.1547,1.201765788,1.341573173,
07-Oct-20,115.24,489.14,7036.91,1.1524,1.199607603,1.364948482,
08-Oct-20,115.41,490.47,7095.4,1.1541,1.202869405,1.376293779,
09-Oct-20,115.35,490.46,7157.92,1.1535,1.20284488,1.388420775,
13-Oct-20,115.68,492.86,7229.55,1.1568,1.20873084,1.402314836,
14-Oct-20,115.73,493.2,7182.38,1.1573,1.209564684,1.393165278,
15-Oct-20,115.68,492.67,7171.61,1.1568,1.208264868,1.391076222,
16-Oct-20,115.59,492.7,7172.7,1.1559,1.208338443,1.39128765,
19-Oct-20,115.49,492.09,7055.58,1.1549,1.206842428,1.368569899,
20-Oct-20,115.26,490.99,7089.06,1.1526,1.204144697,1.37506401,
21-Oct-20,115.16,490.31,7073.65,1.1516,1.202477008,1.372074934,
22-Oct-20,114.86,488.67,7111.17,1.1486,1.198454936,1.379352684,
23-Oct-20,115.01,489.91,7135.81,1.1501,1.201496015,1.384132101,
26-Oct-20,115.27,491.35,7003.21,1.1527,1.20502759,1.358411697,
27-Oct-20,115.45,492.7,6982.14,1.1545,1.208338443,1.354324752,
28-Oct-20,115.48,492.32,6735.75,1.1548,1.207406499,1.306532517,
29-Oct-20,115.19,490.48,6816.79,1.1519,1.20289393,1.322251835,
30-Oct-20,114.92,488.6,6734.84,1.1492,1.198283262,1.306356005,
02-Nov-20,115.09,489.53,6817.89,1.1509,1.200564071,1.322465202,
03-Nov-20,114.93,489.3,6939.3,1.1493,1.2,1.346015083,
04-Nov-20,115.56,493.76,7092.3,1.1556,1.210938075,1.375692472,
05-Nov-20,115.6,496.01,7231.67,1.156,1.216456162,1.402726052,
06-Nov-20,115.26,494.77,7230.51,1.1526,1.213415083,1.402501047,
09-Nov-20,114.65,494.3,7315.77,1.1465,1.212262416,1.419038918,
10-Nov-20,114.47,492.59,7306.75,1.1447,1.20806867,1.41728931,
12-Nov-20,115.04,495.2,7290.69,1.1504,1.214469651,1.414174154,
13-Nov-20,114.97,494.77,7390.61,1.1497,1.213415083,1.433555623,
16-Nov-20,114.92,494.79,7476.79,1.1492,1.213464132,1.450271946,
17-Nov-20,115.12,496.48,7442.04,1.1512,1.217608829,1.443531493,
18-Nov-20,115.16,497.73,7357.34,1.1516,1.220674433,1.427102245,
19-Nov-20,115.29,498.98,7386.86,1.1529,1.223740037,1.432828236,
20-Nov-20,115.5,500.47,7336.76,1.155,1.227394237,1.423110346,
23-Nov-20,115.38,500.14,7378.94,1.1538,1.226584917,1.431291994,
24-Nov-20,115.17,499.32,7498.29,1.1517,1.224573881,1.454442298,
25-Nov-20,115.12,499.13,7486.68,1.1512,1.224107909,1.452190308,
27-Nov-20,115.36,500.85,7505.38,1.1536,1.22832618,1.455817544,
30-Nov-20,115.35,501.52,7472.06,1.1535,1.229969344,1.449354468,
01-Dec-20,114.92,500.5,7556.51,1.1492,1.227467811,1.465735223,
02-Dec-20,114.73,499.64,7570.76,1.1473,1.225358676,1.468499294,
03-Dec-20,114.97,501.48,7567.44,1.1497,1.229871245,1.467855314,
04-Dec-20,114.58,498.88,7634.77,1.1458,1.223494788,1.480915305,
07-Dec-20,114.86,500.51,7620,1.1486,1.227492336,1.47805037,
08-Dec-20,114.97,500.18,7641.43,1.1497,1.226683017,1.482207144,
09-Dec-20,114.86,498.78,7581.06,1.1486,1.22324954,1.470497184,
10-Dec-20,115.11,500.26,7571.87,1.1511,1.226879215,1.4687146,
11-Dec-20,115.24,500.72,7562.46,1.1524,1.228007357,1.466889344,
14-Dec-20,115.19,500.47,7530.87,1.1519,1.227394237,1.460761836,
15-Dec-20,115.11,500.15,7628.28,1.1511,1.226609442,1.479656441,
16-Dec-20,115.04,500.38,7641.82,1.1504,1.227173513,1.482282793,
17-Dec-20,114.96,500.29,7686.18,1.1496,1.22695279,1.490887296,
18-Dec-20,114.89,499.97,7659.75,1.1489,1.226167995,1.485760672,
21-Dec-20,114.98,500.41,7630.07,1.1498,1.227247088,1.480003647,
22-Dec-20,115.12,501.11,7614.83,1.1512,1.228963826,1.477047546,
23-Dec-20,114.95,500.23,7620.63,1.1495,1.226805641,1.478172571,
24-Dec-20,115.05,501.01,7648.39,1.1505,1.228718578,1.483557175,
28-Dec-20,115.07,501.25,7715.1,1.1507,1.229307174,1.496496904,
29-Dec-20,115.05,501.51,7697.93,1.1505,1.229944819,1.493166442,
30-Dec-20,115.1,502.18,7709.1,1.151,1.231587983,1.495333085,
31-Dec-20,115.15,502.86,7759.35,1.1515,1.233255671,1.505080071,
04-Jan-21,115.17,502.51,7645.27,1.1517,1.232397302,1.482951989,
05-Jan-21,114.96,500.65,7700.34,1.1496,1.227835684,1.493633909,
06-Jan-21,114.41,497.01,7744.43,1.1441,1.218908645,1.50218604,
07-Jan-21,114.15,495.88,7861.1,1.1415,1.216137339,1.524816505,
08-Jan-21,114.01,495.18,7905.28,1.1401,1.214420601,1.533386093,
11-Jan-21,113.93,494.79,7853.45,1.1393,1.213464132,1.523332635,
12-Jan-21,113.92,494.74,7856.72,1.1392,1.213341508,1.523966916,
13-Jan-21,114.2,497.15,7874.75,1.142,1.219251993,1.527464193,
14-Jan-21,113.99,496.28,7846.1,1.1399,1.217118332,1.521906957,
15-Jan-21,114.14,497.18,7789.79,1.1414,1.219325567,1.510984513,
19-Jan-21,114.24,498.08,7853.47,1.1424,1.221532802,1.523336514,
20-Jan-21,114.26,498.24,7962.92,1.1426,1.221925199,1.544566516,
21-Jan-21,114.12,497.26,7966.11,1.1412,1.219521766,1.54518528,
22-Jan-21,114.2,496.93,7942.2,1.142,1.218712446,1.540547461,
25-Jan-21,114.52,498.43,7970.92,1.1452,1.222391171,1.546118275,
26-Jan-21,114.48,498.1,7959.1,1.1448,1.221581852,1.543825551,
27-Jan-21,114.56,498.29,7754.74,1.1456,1.222047823,1.50418587,
28-Jan-21,114.4,497.37,7831.22,1.144,1.219791539,1.519020685,
29-Jan-21,114.27,496.47,7681.01,1.1427,1.217584304,1.489884472,
01-Feb-21,114.32,496.69,7804.31,1.1432,1.21812385,1.513800956,
02-Feb-21,114.14,495.6,7912.87,1.1414,1.215450644,1.534858324,
03-Feb-21,113.91,494.35,7920.85,1.1391,1.21238504,1.536406204,
04-Feb-21,113.86,494.35,8007.62,1.1386,1.21238504,1.553236969,
05-Feb-21,113.66,493.49,8039.67,1.1366,1.210275904,1.559453703,
08-Feb-21,113.74,494.44,8099.33,1.1374,1.212605763,1.571025945,
09-Feb-21,113.76,494.98,8091.7,1.1376,1.213930104,1.569545955,
10-Feb-21,113.95,496.09,8089.11,1.1395,1.216652361,1.569043573,
11-Feb-21,113.84,495.38,8104.19,1.1384,1.214911097,1.571968639,
12-Feb-21,113.52,493.37,8142.79,1.1352,1.209981606,1.579455876,
16-Feb-21,113.06,491,8139.16,1.1306,1.204169221,1.578751765,
17-Feb-21,113.18,492.24,8137.88,1.1318,1.2072103,1.578503484,
18-Feb-21,113.14,492.39,8102.24,1.1314,1.207578173,1.571590398,
19-Feb-21,112.8,490.23,8087.68,1.128,1.202280809,1.568766196,
22-Feb-21,112.63,488.27,8025.81,1.1263,1.197473942,1.556765281,
23-Feb-21,112.61,487.28,8036.06,1.1261,1.195045984,1.558753472,
24-Feb-21,112.44,486.14,8127.38,1.1244,1.192250153,1.5764668,
25-Feb-21,111.61,481.42,7929.56,1.1161,1.180674433,1.538095681,
26-Feb-21,112.48,487.53,7892.81,1.1248,1.195659105,1.530967289,
01-Mar-21,112.26,486.16,8080.78,1.1226,1.192299203,1.567427804,
02-Mar-21,112.34,486.51,8015.54,1.1234,1.193157572,1.55477321,
03-Mar-21,111.98,484.3,7911.21,1.1198,1.187737584,1.534536334,
04-Mar-21,111.73,482.51,7806.45,1.1173,1.183347639,1.514216051,
05-Mar-21,111.7,480.64,7958.98,1.117,1.178761496,1.543802275,
08-Mar-21,111.43,478.74,7916.41,1.1143,1.174101778,1.535544978,
09-Mar-21,111.78,479.94,8029.2,1.1178,1.177044758,1.557422839,
10-Mar-21,111.89,480.94,8078.05,1.1189,1.179497241,1.566898267,
11-Mar-21,111.79,480.97,8162.58,1.1179,1.179570815,1.583294539,
12-Mar-21,111.22,477.58,8172.9,1.1122,1.171256898,1.585296308,
15-Mar-21,111.36,478.23,8226.32,1.1136,1.172851012,1.595658179,
16-Mar-21,111.31,477.93,8213.63,1.1131,1.172115267,1.593196701,
17-Mar-21,111.21,477,8237.35,1.1121,1.169834457,1.597797666,
18-Mar-21,110.88,475.2,8116.17,1.1088,1.165419988,1.574292398,
19-Mar-21,110.94,476.17,8112.13,1.1094,1.167798896,1.57350876,
22-Mar-21,111.21,477.84,8169.14,1.1121,1.171894543,1.584566982,
23-Mar-21,111.49,479.57,8106.83,1.1149,1.176137339,1.572480719,
24-Mar-21,111.62,480.17,8063,1.1162,1.177608829,1.56397902,
25-Mar-21,111.49,479.23,8105.51,1.1149,1.175303495,1.572224679,
26-Mar-21,111.32,478.42,8240.38,1.1132,1.173316983,1.598385395,
29-Mar-21,111.1,477.54,8233.24,1.111,1.171158798,1.59700045,
30-Mar-21,111.15,478.33,8208.1,1.1115,1.17309626,1.592124048,
31-Mar-21,111.03,478.84,8238.48,1.1103,1.174347026,1.598016852,
01-Apr-21,111.35,481.83,8335.91,1.1135,1.181679951,1.616915336,
02-Apr-21,111.12,480.67,8335.91,1.1112,1.178835071,1.616915336,
05-Apr-21,111.2,481.42,8457.4,1.112,1.180674433,1.640480735,
06-Apr-21,111.48,482.91,8449.54,1.1148,1.184328633,1.638956132,
07-Apr-21,111.37,482.13,8462.18,1.1137,1.182415696,1.641407911,
08-Apr-21,111.6,483.62,8499.85,1.116,1.186069896,1.648714756,
09-Apr-21,111.46,482.84,8565.57,1.1146,1.184156959,1.661462455,
12-Apr-21,111.42,482.85,8564.03,1.1142,1.184181484,1.661163742,
13-Apr-21,111.66,484.08,8592.25,1.1166,1.187198038,1.666637571,
14-Apr-21,111.57,484.07,8558.16,1.1157,1.187173513,1.660025138,
15-Apr-21,112,486.52,8653.29,1.12,1.193182097,1.678477492,
16-Apr-21,111.8,485.1,8684.51,1.118,1.189699571,1.684533231,
19-Apr-21,111.76,484.23,8638.42,1.1176,1.18756591,1.67559316,
20-Apr-21,111.94,484.78,8579.95,1.1194,1.188914776,1.664251742,
21-Apr-21,111.98,485.24,8659.8,1.1198,1.190042918,1.679740236,
22-Apr-21,112.06,485.93,8580.73,1.1206,1.191735132,1.664403038,
23-Apr-21,111.97,485.73,8674.8,1.1197,1.191244635,1.682649784,
26-Apr-21,111.92,485.83,8690.26,1.1192,1.191489884,1.685648558,
27-Apr-21,111.67,484.32,8688.45,1.1167,1.187786634,1.685297472,
28-Apr-21,111.75,484.63,8681.17,1.1175,1.188546904,1.683885372,
29-Apr-21,111.67,484.01,8740.35,1.1167,1.187026364,1.695364508,
30-Apr-21,111.74,484.59,8678.16,1.1174,1.188448804,1.683301522,
03-May-21,111.8,484.99,8702.02,1.118,1.189429798,1.687929643,
04-May-21,111.94,485.76,8643.91,1.1194,1.19131821,1.676658054,
05-May-21,112.02,486.32,8650.04,1.1202,1.1926916,1.67784709,
06-May-21,112.05,486.77,8722.04,1.1205,1.193795218,1.69181292,
07-May-21,112.02,486.64,8787.82,1.1202,1.193476395,1.704572258,
10-May-21,111.82,485.28,8696.29,1.1182,1.190141018,1.686818196,
11-May-21,111.68,484.07,8620.98,1.1168,1.187173513,1.672210325,
12-May-21,111.34,481.78,8437.24,1.1134,1.181557327,1.636570302,
13-May-21,111.46,482.35,8541.39,1.1146,1.182955242,1.656772264,
14-May-21,111.65,484.27,8669.49,1.1165,1.18766401,1.681619804,
17-May-21,111.59,484.21,8647.57,1.1159,1.187516861,1.677367984,
18-May-21,111.57,483.98,8574.98,1.1157,1.18695279,1.663287712,
19-May-21,111.43,482.95,8550.95,1.1143,1.184426732,1.658626616,
20-May-21,111.69,484.63,8641.98,1.1169,1.188546904,1.676283693,
21-May-21,111.73,485.24,8635.55,1.1173,1.190042918,1.675036466,
24-May-21,111.84,486.14,8722,1.1184,1.192250153,1.691805161,
25-May-21,112.11,488.13,8703.59,1.1211,1.197130595,1.688234176,
26-May-21,112.05,488,8720.04,1.1205,1.196811772,1.69142498,
27-May-21,112.01,487.58,8730.97,1.1201,1.195781729,1.693545071,
28-May-21,111.97,487.26,8738.77,1.1197,1.194996934,1.695058036,
01-Jun-21,111.91,486.95,8734.74,1.1191,1.194236665,1.694276337,
02-Jun-21,111.98,487.67,8748.3,1.1198,1.196002452,1.696906569,
03-Jun-21,111.81,486.7,8717.97,1.1181,1.193623544,1.691023463,
04-Jun-21,112.2,489.01,8795.08,1.122,1.19928878,1.705980479,
07-Jun-21,112.14,488.69,8788.28,1.1214,1.198503985,1.704661484,
08-Jun-21,112.33,490.02,8790,1.1233,1.201765788,1.704995112,
09-Jun-21,112.56,491.75,8774.31,1.1256,1.206008584,1.701951725,
10-Jun-21,112.76,493.23,8815.56,1.1276,1.209638259,1.709952982,
11-Jun-21,112.66,493.01,8832.94,1.1266,1.209098712,1.713324178,
14-Jun-21,112.43,491.76,8851.17,1.1243,1.206033109,1.716860249,
15-Jun-21,112.42,491.76,8833.68,1.1242,1.206033109,1.713467716,
16-Jun-21,112.1,490.69,8786.18,1.121,1.203408952,1.704254147,
17-Jun-21,112.43,492.86,8782.58,1.1243,1.20873084,1.703555856,
18-Jun-21,112.81,496.05,8667.76,1.1281,1.216554261,1.681284236,
21-Jun-21,112.48,493.8,8789.52,1.1248,1.211036174,1.704902006,
22-Jun-21,112.6,494.26,8834.56,1.126,1.212164316,1.713638409,
23-Jun-21,112.47,493.58,8825.01,1.1247,1.210496628,1.711785997,
24-Jun-21,112.49,493.71,8877.06,1.1249,1.210815451,1.721882128,
25-Jun-21,112.26,493.2,8906.79,1.1226,1.209564684,1.727648852,
28-Jun-21,112.53,494.67,8927.4,1.1253,1.213169834,1.731646571,
29-Jun-21,112.58,495.18,8930.67,1.1258,1.214420601,1.732280853,
30-Jun-21,112.69,495.9,8942.78,1.1269,1.216186389,1.734629828,
01-Jul-21,112.66,495.61,8990.08,1.1266,1.215475169,1.743804603,
02-Jul-21,112.85,496.68,9058.66,1.1285,1.218099326,1.757107056,
06-Jul-21,113.14,498.27,9040.76,1.1314,1.221998774,1.753634995,
07-Jul-21,113.5,500.31,9071.14,1.135,1.227001839,1.7595278,
08-Jul-21,113.69,500.66,8995.26,1.1369,1.227860208,1.744809366,
09-Jul-21,113.28,498.06,9096.84,1.1328,1.221483752,1.764512825,
12-Jul-21,113.23,497.9,9128.22,1.1323,1.221091355,1.7705996,
13-Jul-21,112.97,496.48,9096.15,1.1297,1.217608829,1.764378986,
14-Jul-21,113.33,498.65,9107.85,1.1333,1.222930717,1.766648433,
15-Jul-21,113.61,500.32,9078.33,1.1361,1.227026364,1.760922443,
16-Jul-21,113.55,499.91,9009.89,1.1355,1.226020846,1.747647146,
19-Jul-21,114.21,502.72,8867.07,1.1421,1.232912324,1.719944369,
20-Jul-21,114.05,501.23,9001.77,1.1405,1.229258124,1.74607211,
21-Jul-21,113.65,499.54,9075.97,1.1365,1.225113427,1.760464674,
22-Jul-21,113.9,501.26,9094.95,1.139,1.229331698,1.764146222,
23-Jul-21,113.74,500.46,9187.64,1.1374,1.227369712,1.782125289,
26-Jul-21,113.68,500.22,9209.63,1.1368,1.226781116,1.786390686,
27-Jul-21,113.98,502.09,9166.27,1.1398,1.231367259,1.777980153,
28-Jul-21,114,502.66,9164.62,1.14,1.232765175,1.777660103,
29-Jul-21,113.81,501.56,9204.25,1.1381,1.230067443,1.785347128,
30-Jul-21,114,502.69,9155.21,1.14,1.232838749,1.775834846,
02-Aug-21,114.31,504.43,9138.36,1.1431,1.23710607,1.772566454,
03-Aug-21,114.33,504.29,9213.35,1.1433,1.236762722,1.787112254,
04-Aug-21,114.33,504.28,9170.76,1.1433,1.236738197,1.778851078,
05-Aug-21,114.09,502.87,9226.49,1.1409,1.233280196,1.789661018,
06-Aug-21,113.6,499.97,9243.03,1.136,1.226167995,1.79286928,
09-Aug-21,113.48,498.69,9235.05,1.1348,1.223028817,1.7913214,
10-Aug-21,113.33,497.53,9244.22,1.1333,1.220183936,1.793100104,
11-Aug-21,113.36,497.32,9267.4,1.1336,1.219668915,1.797596325,
12-Aug-21,113.3,497.11,9297.2,1.133,1.219153893,1.803376627,
13-Aug-21,113.71,499.49,9312.51,1.1371,1.224990803,1.806346306,
16-Aug-21,113.85,500.64,9337.18,1.1385,1.227811159,1.811131543,
17-Aug-21,113.82,500.26,9271.83,1.1382,1.226879215,1.798455612,
18-Aug-21,113.85,500.29,9173.93,1.1385,1.22695279,1.779465962,
19-Aug-21,114.03,501.12,9186.07,1.1403,1.228988351,1.781820756,
20-Aug-21,114,500.95,9261.31,1.14,1.228571429,1.796415049,
23-Aug-21,114.02,501.23,9341.09,1.1402,1.229258124,1.811889965,
24-Aug-21,113.81,500.14,9355.11,1.1381,1.226584917,1.814609422,
25-Aug-21,113.55,498.79,9376,1.1355,1.223274065,1.818661453,
26-Aug-21,113.61,499.24,9321.74,1.1361,1.224377682,1.808136648,
27-Aug-21,113.83,500.67,9404.15,1.1383,1.227884733,1.824121704,
30-Aug-21,113.97,501.75,9445.24,1.1397,1.230533415,1.832091926,
31-Aug-21,113.83,501.19,9433.58,1.1383,1.229160025,1.829830238,
01-Sep-21,113.84,501.01,9437.15,1.1384,1.228718578,1.83052271,
02-Sep-21,113.95,501.92,9465.47,1.1395,1.230950337,1.836015937,
03-Sep-21,113.73,500.5,9462.54,1.1373,1.227467811,1.835447605,
07-Sep-21,113.48,498.78,9430.68,1.1348,1.22324954,1.829267725,
08-Sep-21,113.65,499.68,9418.57,1.1365,1.225456775,1.82691875,
09-Sep-21,113.95,501.82,9375.99,1.1395,1.230705089,1.818659513,
10-Sep-21,113.7,500.71,9304.03,1.137,1.227982833,1.804701442,
13-Sep-21,113.86,502.21,9325.29,1.1386,1.231661557,1.808825241,
14-Sep-21,114.16,504,9273.99,1.1416,1.236051502,1.798874587,
15-Sep-21,114.05,503.36,9352.83,1.1405,1.234481913,1.814167171,
16-Sep-21,113.86,502.14,9338.61,1.1386,1.231489884,1.81140892,
17-Sep-21,113.66,501.22,9253.57,1.1366,1.229233599,1.794913722,
20-Sep-21,114.05,503.23,9096.52,1.1405,1.23416309,1.764450755,
21-Sep-21,114.02,503.04,9089.55,1.1402,1.233697118,1.763098785,
22-Sep-21,114.08,503.99,9176.08,1.1408,1.236026977,1.779882997,
23-Sep-21,113.41,500.47,9287.8,1.1341,1.227394237,1.801553311,
24-Sep-21,113.15,499.27,9301.49,1.1315,1.224451257,1.804208758,
27-Sep-21,113,498.66,9275.87,1.13,1.222955242,1.79923925,
28-Sep-21,112.63,495.98,9087.47,1.1263,1.216382587,1.762695328,
29-Sep-21,112.73,496.52,9102.62,1.1273,1.217706928,1.765633971,
30-Sep-21,112.77,496.09,8994.83,1.1277,1.216652361,1.744725959,
01-Oct-21,113.04,497.49,9098.25,1.1304,1.220085837,1.764786323,
04-Oct-21,112.96,497.07,8980.64,1.1296,1.219055794,1.741973527,
05-Oct-21,112.7,495.5,9076.19,1.127,1.215205395,1.760507348,
06-Oct-21,112.78,495.77,9113.45,1.1278,1.215867566,1.767734665,
07-Oct-21,112.47,493.85,9191.19,1.1247,1.211158798,1.782813882,
08-Oct-21,112.27,492.2,9173.74,1.1227,1.207112201,1.779429108,
12-Oct-21,112.53,493.92,9088.73,1.1253,1.211330472,1.76293973,
13-Oct-21,112.71,495.35,9116.39,1.1271,1.214837523,1.768304936,
14-Oct-21,112.84,496.47,9272.97,1.1284,1.217584304,1.798676738,
15-Oct-21,112.54,495.25,9342.15,1.1254,1.214592275,1.812095573,
18-Oct-21,112.53,495.61,9373.68,1.1253,1.215475169,1.818211443,
19-Oct-21,112.24,493.62,9443.12,1.1224,1.210594727,1.83168071,
20-Oct-21,112.13,492.64,9477.82,1.1213,1.208191294,1.838411464,
21-Oct-21,111.94,491.69,9506.91,1.1194,1.205861435,1.844054048,
22-Oct-21,112.18,493.29,9496.86,1.1218,1.209785408,1.842104651,
25-Oct-21,112.23,493.53,9541.99,1.1223,1.210374004,1.850858511,
26-Oct-21,112.38,494.92,9559.39,1.1238,1.213782955,1.854233586,
27-Oct-21,112.82,497.87,9511.27,1.1282,1.221017781,1.844899756,
28-Oct-21,112.64,496.69,9605.23,1.1264,1.21812385,1.863125165,
29-Oct-21,112.67,496.97,9625.02,1.1267,1.218810546,1.866963828,
01-Nov-21,112.58,496,9642.44,1.1258,1.216431637,1.870342784,
02-Nov-21,112.79,497.12,9677.95,1.1279,1.219178418,1.877230653,
03-Nov-21,112.52,495.77,9740.47,1.1252,1.215867566,1.889357649,
04-Nov-21,112.92,498.22,9782.48,1.1292,1.22187615,1.897506323,
05-Nov-21,113.33,501.14,9819.98,1.1333,1.2290374,1.904780193,
08-Nov-21,113.12,500.39,9828.81,1.1312,1.227198038,1.906492947,
09-Nov-21,113.5,502.52,9795.12,1.135,1.232421827,1.899958103,
10-Nov-21,112.76,498.25,9716.72,1.1276,1.221949724,1.884750865,
12-Nov-21,112.63,497.09,9793.22,1.1263,1.219104844,1.89958956,
15-Nov-21,112.3,494.42,9793.53,1.123,1.212556714,1.89964969,
16-Nov-21,112.25,493.46,9831.91,1.1225,1.21020233,1.907094254,
17-Nov-21,112.5,494.63,9808.27,1.125,1.213071735,1.902508806,
18-Nov-21,112.59,495.27,9842.35,1.1259,1.214641324,1.909119299,
19-Nov-21,112.8,496.72,9828.8,1.128,1.218197425,1.906491008,
22-Nov-21,112.3,493.87,9798.29,1.123,1.211207848,1.900572987,
23-Nov-21,111.95,490.7,9814.65,1.1195,1.203433476,1.903746334,
24-Nov-21,112.27,492.31,9837.6,1.1227,1.207381974,1.908197942,
26-Nov-21,113.24,496.89,9614.25,1.1324,1.218614347,1.864874773,
29-Nov-21,113.03,495.22,9741.78,1.1303,1.2145187,1.88961175,
30-Nov-21,113.41,497.45,9558.33,1.1341,1.219987738,1.854027978,
01-Dec-21,113.55,498.02,9446.21,1.1355,1.221385653,1.832280077,
02-Dec-21,113.41,497.24,9581.79,1.1341,1.219472716,1.858578511,
03-Dec-21,113.8,499.81,9501.28,1.138,1.225775598,1.842961997,
06-Dec-21,113.39,498.34,9613.02,1.1339,1.222170448,1.86463619,
07-Dec-21,113.08,498.02,9812.2,1.1308,1.221385653,1.903271108,
08-Dec-21,112.71,495.42,9842.68,1.1271,1.215009197,1.909183309,
09-Dec-21,112.86,496.07,9773.19,1.1286,1.216603311,1.895704343,
10-Dec-21,112.85,495.83,9866.62,1.1285,1.216014715,1.913826948,
13-Dec-21,113.26,498.28,9776.69,1.1326,1.222023299,1.896383238,
14-Dec-21,113.14,496.94,9705.06,1.1314,1.218736971,1.882489176,
15-Dec-21,112.94,495.29,9863.92,1.1294,1.214690374,1.913303229,
16-Dec-21,113.1,496.29,9778.09,1.131,1.217142857,1.896654796,
17-Dec-21,113.32,497.34,9678.03,1.1332,1.219717964,1.877246171,
20-Dec-21,113.23,496.02,9567.91,1.1323,1.216480687,1.85588621,
21-Dec-21,112.99,495.33,9738.73,1.1299,1.214788473,1.889020142,
22-Dec-21,113.09,496.42,9838.9,1.1309,1.21746168,1.908450103,
23-Dec-21,112.84,495.2,9900.3,1.1284,1.214469651,1.920359853,
27-Dec-21,112.88,495.99,10037.67,1.1288,1.216407112,1.947005493,
28-Dec-21,112.83,496.1,10027.53,1.1283,1.216676885,1.945038639,
29-Dec-21,112.5,494.09,10041.61,1.125,1.211747394,1.947769734,
30-Dec-21,112.76,495.74,10012.51,1.1276,1.215793991,1.942125211,
31-Dec-21,112.77,496.03,9986.7,1.1277,1.216505212,1.937118849,
03-Jan-22,112.01,492.22,10050.41,1.1201,1.207161251,1.949476669,
04-Jan-22,111.95,491.07,10044.75,1.1195,1.204340895,1.9483788,
05-Jan-22,111.66,490.01,9850.7,1.1166,1.201741263,1.910738948,
06-Jan-22,111.56,489.2,9841.92,1.1156,1.199754752,1.909035892,
07-Jan-22,111.33,487.72,9803.85,1.1133,1.196125077,1.901651459,
10-Jan-22,111.32,487.17,9789.72,1.1132,1.194776211,1.898910665,
11-Jan-22,111.5,488.21,9879.39,1.115,1.197326793,1.916303943,
12-Jan-22,111.45,487.87,9907.38,1.1145,1.196492949,1.92173316,
13-Jan-22,111.7,488.92,9767.35,1.117,1.199068056,1.894571559,
14-Jan-22,111.17,485.4,9775.53,1.1117,1.190435316,1.896158233,
18-Jan-22,110.61,481.77,9595.93,1.1061,1.181532802,1.861321245,
19-Jan-22,110.84,483.09,9503.14,1.1084,1.18477008,1.843322781,
20-Jan-22,110.99,483.63,9398.96,1.1099,1.186094421,1.823115001,
21-Jan-22,111.39,484.97,9221.28,1.1139,1.189380748,1.788650435,
24-Jan-22,111.27,483.25,9246.84,1.1127,1.185162477,1.793608305,
25-Jan-22,111.17,482.88,9134.33,1.1117,1.184255058,1.771784756,
26-Jan-22,110.65,480.57,9120.75,1.1065,1.178589822,1.769150645,
27-Jan-22,111.01,481.54,9072.24,1.1101,1.180968731,1.759741167,
28-Jan-22,111.1,480.84,9294.21,1.111,1.179251993,1.802796658,
31-Jan-22,111.03,480.73,9469.92,1.1103,1.178982219,1.836879102,
01-Feb-22,110.94,480.75,9534.95,1.1094,1.179031269,1.849492963,
02-Feb-22,111.08,481.98,9624.89,1.1108,1.182047823,1.866938612,
03-Feb-22,110.79,479.38,9390.57,1.1079,1.175671367,1.821487594,
04-Feb-22,110.16,475.26,9440.58,1.1016,1.165567137,1.831188027,
07-Feb-22,110.21,475.39,9405.84,1.1021,1.16588596,1.824449514,
08-Feb-22,109.94,474.35,9484.95,1.0994,1.163335377,1.83979447,
09-Feb-22,109.98,475.14,9623.84,1.0998,1.165272839,1.866734944,
10-Feb-22,109.13,470.78,9450.72,1.0913,1.154580012,1.833154881,
11-Feb-22,109.85,473.53,9271.8,1.0985,1.161324341,1.798449793,
14-Feb-22,109.34,470.3,9236.86,1.0934,1.15340282,1.791672486,
15-Feb-22,109.1,468.59,9383.57,1.091,1.149209074,1.820129805,
16-Feb-22,109.33,468.54,9393.09,1.0933,1.14908645,1.821976398,
17-Feb-22,109.64,469.13,9195.35,1.0964,1.150533415,1.783620797,
18-Feb-22,109.91,469.65,9130.81,1.0991,1.151808706,1.771101982,
22-Feb-22,109.9,469.18,9038.32,1.099,1.150656039,1.753161709,
23-Feb-22,109.48,466.47,8871.95,1.0948,1.14400981,1.720890942,
24-Feb-22,109.61,465.45,9005.37,1.0961,1.141508277,1.746770402,
25-Feb-22,109.59,467,9207.85,1.0959,1.145309626,1.78604542,
28-Feb-22,110.37,471.52,9186.37,1.1037,1.15639485,1.781878947,
01-Mar-22,111.03,474.53,9044.47,1.1103,1.163776824,1.754354623,
02-Mar-22,109.78,467.62,9213.39,1.0978,1.146830166,1.787120013,
03-Mar-22,110.09,469.52,9166.13,1.1009,1.151489884,1.777952997,
04-Mar-22,110.71,471.71,9094.04,1.1071,1.156860822,1.76396971,
07-Mar-22,110.41,467.88,8825.72,1.1041,1.147467811,1.711923716,
08-Mar-22,109.93,463.78,8762.11,1.0993,1.13741263,1.699585292,
09-Mar-22,109.55,462.75,8988.65,1.0955,1.134886573,1.743527226,
10-Mar-22,109.16,459.71,8950.9,1.0916,1.127431024,1.736204863,
11-Mar-22,109.16,459.33,8835.4,1.0916,1.12649908,1.713801344,
14-Mar-22,108.3,454.07,8771.75,1.083,1.113599019,1.701455162,
15-Mar-22,108.27,454.21,8959.74,1.0827,1.113942367,1.737919557,
16-Mar-22,108.29,457.25,9160.51,1.0829,1.121397915,1.776862887,
17-Mar-22,108.09,458.96,9274.17,1.0809,1.125591662,1.798909501,
18-Mar-22,108.34,461.27,9382.43,1.0834,1.131256898,1.819908679,
21-Mar-22,107.41,457.25,9378.84,1.0741,1.121397915,1.819212327,
22-Mar-22,107.03,455.51,9484.86,1.0703,1.117130595,1.839777012,
23-Mar-22,107.61,458.99,9368.98,1.0761,1.125665236,1.817299784,
24-Mar-22,107.3,456.56,9504.19,1.073,1.119705702,1.84352645,
25-Mar-22,106.61,453.59,9552.4,1.0661,1.112421827,1.852877737,
28-Mar-22,106.76,455,9620.66,1.0676,1.115879828,1.86611812,
29-Mar-22,107.05,458.08,9738.6,1.0705,1.123433476,1.888994926,
30-Mar-22,107.31,460.01,9678.3,1.0731,1.128166769,1.877298543,
31-Mar-22,107.37,460.38,9527.46,1.0737,1.129074188,1.848040128,
01-Apr-22,107.1,459.69,9559.95,1.071,1.127381974,1.854342209,
04-Apr-22,107.06,459.75,9637.37,1.0706,1.127529123,1.869359356,
05-Apr-22,106.27,456.25,9517.94,1.0627,1.118945432,1.846193535,
06-Apr-22,106.1,453.69,9425.49,1.061,1.112667075,1.828261021,
07-Apr-22,105.98,452.7,9466.76,1.0598,1.110239117,1.836266158,
08-Apr-22,105.59,449.61,9441.84,1.0559,1.102660944,1.831432429,
11-Apr-22,105.28,446.7,9282.48,1.0528,1.095524218,1.800521391,
12-Apr-22,105.56,446.93,9251.07,1.0556,1.096088289,1.794428798,
13-Apr-22,105.67,446.42,9356.21,1.0567,1.094837523,1.814822789,
14-Apr-22,105.01,443.14,9242.58,1.0501,1.086793378,1.792781993,
18-Apr-22,104.89,441.89,9240.69,1.0489,1.083727774,1.79241539,
19-Apr-22,104.45,439.27,9389.21,1.0445,1.077302269,1.821223795,
20-Apr-22,104.97,442.15,9383.54,1.0497,1.08436542,1.820123986,
21-Apr-22,104.6,439.93,9245.86,1.046,1.078920907,1.793418215,
22-Apr-22,104.53,437.96,8989.51,1.0453,1.074089516,1.74369404,
25-Apr-22,104.91,439.62,9040.86,1.0491,1.078160638,1.753654392,
26-Apr-22,105.36,442.15,8786.47,1.0536,1.08436542,1.704310398,
27-Apr-22,105.01,439.61,8805,1.0501,1.078136113,1.70790466,
28-Apr-22,104.93,438.74,9023.42,1.0493,1.076002452,1.750271558,
29-Apr-22,104.5,436.25,8696.65,1.045,1.069895769,1.686888025,
02-May-22,104.05,432.93,8746.05,1.0405,1.061753525,1.696470136,
03-May-22,104.14,434.12,8788.36,1.0414,1.06467198,1.704677001,
04-May-22,104.53,436.31,9050.9,1.0453,1.070042918,1.75560185,
05-May-22,103.83,433.65,8729.21,1.0383,1.063519313,1.693203684,
06-May-22,103.45,430.52,8680.97,1.0345,1.055843041,1.683846578,
09-May-22,103.93,431.76,8403.5,1.0393,1.05888412,1.630025759,
10-May-22,104.11,432.71,8424.2,1.0411,1.061213979,1.634040935,
11-May-22,104.5,435.25,8285.82,1.045,1.067443286,1.607199386,
12-May-22,104.65,435.48,8278.04,1.0465,1.068007357,1.6056903,
13-May-22,104.28,433.08,8476.57,1.0428,1.062121398,1.644199137,
16-May-22,104.44,433.36,8443.55,1.0444,1.062808093,1.637794252,
17-May-22,103.92,430.72,8614.31,1.0392,1.056333538,1.670916546,
18-May-22,104.42,432.63,8268.32,1.0442,1.061017781,1.603804913,
19-May-22,104.62,433.09,8220.97,1.0462,1.062145923,1.59462044,
20-May-22,104.93,434.7,8222.31,1.0493,1.066094421,1.594880359,
23-May-22,104.51,432.86,8375.87,1.0451,1.061581852,1.624666372,
24-May-22,105.16,436.94,8307.97,1.0516,1.071587983,1.611495818,
25-May-22,105.31,439.34,8386.62,1.0531,1.077473942,1.626751548,
26-May-22,105.25,441.09,8553.68,1.0525,1.081765788,1.659156153,
27-May-22,105.28,442.16,8766.83,1.0528,1.084389945,1.70050083,
31-May-22,104.7,439.97,8712.6,1.047,1.079019007,1.689981844,
01-Jun-22,104.39,439.17,8648.28,1.0439,1.07705702,1.677505703,
02-Jun-22,104.44,439.27,8809.18,1.0444,1.077302269,1.708715454,
03-Jun-22,104.33,438.49,8665.8,1.0433,1.075389332,1.680904055,
06-Jun-22,103.8,435.72,8693.06,1.038,1.068595953,1.686191673,
07-Jun-22,104.06,437.08,8776.09,1.0406,1.07193133,1.702296991,
08-Jun-22,103.81,435.79,8681.68,1.0381,1.068767627,1.683984296,
09-Jun-22,103.78,435.23,8475.91,1.0378,1.067394237,1.644071117,
10-Jun-22,103.17,431.12,8229.43,1.0317,1.057314531,1.596261425,
13-Jun-22,102,422.89,7910.43,1.02,1.037130595,1.534385038,
14-Jun-22,101.52,420.49,7883.34,1.0152,1.031244635,1.529130394,
15-Jun-22,102.34,425.61,7998.62,1.0234,1.043801349,1.55149124,
16-Jun-22,102.67,425.57,7739.39,1.0267,1.04370325,1.501208432,
17-Jun-22,102.69,426.22,7756.59,1.0269,1.045297364,1.504544714,
21-Jun-22,102.32,424.29,7946.89,1.0232,1.040564071,1.541457179,
22-Jun-22,103.17,427.22,7936.67,1.0317,1.047749847,1.539474807,
23-Jun-22,103.5,428.45,8012.68,1.035,1.050766401,1.554218457,
24-Jun-22,103.2,427.37,8257.72,1.032,1.048117719,1.601748832,
27-Jun-22,102.89,425.98,8233.42,1.0289,1.044708768,1.597035365,
28-Jun-22,102.98,425.73,8067.56,1.0298,1.044095647,1.564863523,
29-Jun-22,103.46,427.83,8062.72,1.0346,1.049245861,1.563924709,
30-Jun-22,103.87,428.73,7993.43,1.0387,1.051453096,1.550484537,
01-Jul-22,104.46,431.33,8077.89,1.0446,1.057829552,1.566867232,
05-Jul-22,104.74,432.24,8092.15,1.0474,1.060061312,1.569633242,
06-Jul-22,104.12,430.13,8121.21,1.0412,1.054886573,1.575270006,
07-Jul-22,103.77,429.8,8243.69,1.0377,1.054077253,1.599027435,
08-Jul-22,103.39,428.71,8237.5,1.0339,1.051404047,1.597826762,
11-Jul-22,103.88,431.82,8142.68,1.0388,1.059031269,1.579434539,
12-Jul-22,104.04,432.31,8067.56,1.0404,1.060232986,1.564863523,
13-Jul-22,104.21,433.39,8031.76,1.0421,1.062881668,1.557919402,
14-Jul-22,103.91,431.59,8008.71,1.0391,1.058467198,1.553448396,
15-Jul-22,104.12,433.35,8162.5,1.0412,1.062783568,1.583279022,
18-Jul-22,103.89,432.99,8094.23,1.0389,1.061900674,1.570036699,
19-Jul-22,103.62,432.14,8318.2,1.0362,1.059816064,1.61348013,
20-Jul-22,103.63,432.93,8367.37,1.0363,1.061753525,1.623017628,
21-Jul-22,104.34,436.55,8450.64,1.0434,1.070631514,1.639169499,
22-Jul-22,105.04,440.61,8371.87,1.0504,1.080588596,1.623890492,
25-Jul-22,104.76,438.44,8382.88,1.0476,1.075266708,1.626026101,
